{
    "children": [{
            "children": [{
                    "name": "SAT FORM",
                    "font_style": "Bold",
                    "font_size": 18,
                    "align": "Left",
                    "element_type": "Text"
                }, {
                    "name": "100",
                    "height": 100,
                    "element_type": "EmptyLine"
                }, {
                    "name": "header",
                    "children": [{
                            "name": "instructions",
                            "children": [{
                                    "name": "Instructions",
                                    "font_style": "Bold",
                                    "font_size": 10,
                                    "align": "Center",
                                    "element_type": "Content"
                                }, {
                                    "height": 5,
                                    "element_type": "EmptyLine"
                                }
                            ],
                            "column": 1,
                            "element_type": "Block"
                        }, {
                            "children": [{
                                    "name": "· Fill in circle completely. ",
                                    "align": "Left",
                                    "element_type": "Content"
                                }, {
                                    "name": "· To make changes, erase marks completely.",
                                    "align": "Left",
                                    "element_type": "Content"
                                }
                            ],
                            "column": 1,
                            "border": "Rounded",
                            "border_color": "DarkOrange",
                            "element_type": "Block"
                        }, {
                            "name": "space",
                            "children": [{
                                    "height": 50,
                                    "element_type": "EmptyLine"
                                }
                            ],
                            "column": 1,
                            "element_type": "Block"
                        }, {
                            "name": "examples_header",
                            "children": [{
                                    "name": "Examples",
                                    "font_style": "Bold",
                                    "font_size": 10,
                                    "align": "Center",
                                    "element_type": "Content"
                                }
                            ],
                            "column": 1,
                            "element_type": "Block"
                        }, {
                            "name": "example_pic",
                            "children": [{
                                    "align": "Left",
                                    "name": "example.png",
                                    "height": 500,
                                    "width": 1200,
                                    "element_type": "Image"
                                }
                            ],
                            "column": 1,
                            "border": "Rounded",
                            "border_color": "DarkOrange",
                            "element_type": "Block"
                        }, {
                            "name": "student_id",
                            "children": [{
                                    "bubble_size": "Small",
                                    "name": "StudentId",
                                    "column": 3,
                                    "sections_count": 6,
                                    "options_count": 9,
                                    "align": "Center",
                                    "header_type": "Underline",
                                    "header_border_size": 3,
                                    "header_border_color": "Black",
                                    "orientation": "Horizontal",
                                    "element_type": "Grid"
                                }
                            ],
                            "column": 2,
                            "element_type": "Block"
                        }
                    ],
                    "columns_proportions": [
                        60,
                        10,
                        30
                    ],
                    "container_type": "Normal",
                    "block_bottom_margin": 0,
                    "block_top_padding": 0,
                    "element_type": "Container"
                }, {
                    "height": 100,
                    "element_type": "EmptyLine"
                }, {
                    "name": "Section 1",
                    "font_style": "Bold",
                    "font_size": 14,
                    "align": "Left",
                    "element_type": "Text"
                }, {
                    "height": 50,
                    "element_type": "EmptyLine"
                }, {
                    "columns_count": 3,
                    "amount": 60,
                    "name": "Section 1",
                    "border": "Rounded",
                    "border_color": "DarkOrange",
                    "children": [{
                            "name": "123",
                            "children": [{
                                    "name": "QNo.",
                                    "font_style": "Bold",
                                    "font_size": 6,
                                    "align": "Center",
                                    "element_type": "Content"
                                }, {
                                    "name": "Answer Options",
                                    "font_style": "Bold",
                                    "font_size": 6,
                                    "align": "Center",
                                    "element_type": "Content"
                                }
                            ],
                            "element_type": "TableHeader"
                        }, {
                            "name": "row_%index%",
                            "children": [{
                                    "name": "%index%",
                                    "font_size": 6,
                                    "align": "Center",
                                    "element_type": "Content"
                                }, {
                                    "name": "b_%index%",
                                    "answers_list": [
                                        "A",
                                        "B",
                                        "C",
                                        "D",
                                        "E",
                                        "F",
                                        "G"
                                    ],
                                    "font_size": 4,
                                    "bubble_size": "Extrasmall",
                                    "element_type": "BubbleArray"
                                }
                            ],
                            "element_type": "CustomRow"
                        }
                    ],
                    "element_type": "CustomAnswerSheet",
                    "row_proportions": [
                        20,
                        80
                    ]
                }, {
                    "height": 50,
                    "element_type": "EmptyLine"
                }, {
                    "name": "Section 2",
                    "font_style": "Bold",
                    "font_size": 14,
                    "align": "Left",
                    "element_type": "Text"
                }, {
                    "height": 50,
                    "element_type": "EmptyLine"
                }, {
                    "columns_count": 3,
                    "amount": 60,
                    "name": "Section 2",
                    "border": "Rounded",
                    "border_color": "DarkOrange",
                    "children": [{
                            "name": "123",
                            "children": [{
                                    "name": "QNo.",
                                    "font_style": "Bold",
                                    "font_size": 6,
                                    "align": "Center",
                                    "element_type": "Content"
                                }, {
                                    "name": "Answer Options",
                                    "font_style": "Bold",
                                    "font_size": 6,
                                    "align": "Center",
                                    "element_type": "Content"
                                }
                            ],
                            "element_type": "TableHeader"
                        }, {
                            "name": "row_%index%",
                            "children": [{
                                    "name": "%index%",
                                    "font_size": 6,
                                    "align": "Center",
                                    "element_type": "Content"
                                }, {
                                    "name": "b_%index%",
                                    "answers_list": [
                                        "A",
                                        "B",
                                        "C",
                                        "D",
                                        "E",
                                        "F",
                                        "G"
                                    ],
                                    "font_size": 4,
                                    "bubble_size": "Extrasmall",
                                    "element_type": "BubbleArray"
                                }
                            ],
                            "element_type": "CustomRow"
                        }
                    ],
                    "element_type": "CustomAnswerSheet",
                    "row_proportions": [
                        20,
                        80
                    ]
                }, {
                    "element_type": "EmptyLine"
                }, {
                    "name": "50",
                    "height": 100,
                    "element_type": "EmptyLine"
                }, {
                    "name": "test_id",
                    "value": "15478977",
                    "barcode_type": "code32",
                    "align": "Center",
                    "codetext": true,
                    "element_type": "Barcode"
                }
            ],
            "element_type": "Page"
        }
    ],
    "element_type": "Template"
}
