Element Name,Value,
Section 1_1,"A"
Section 1_2,""
Section 1_3,"C"
Section 1_4,"A"
Section 1_5,""
Section 1_6,"D"
Section 1_7,"B"
Section 1_8,"E"
Section 1_9,""
Section 1_10,""
Section 1_11,"B"
Section 1_12,""
Section 1_13,"D"
Section 1_14,""
Section 1_15,""
Section 1_16,"B"
Section 1_17,"D"
Section 1_18,""
Section 1_19,"F"
Section 1_20,""
Section 1_21,"C"
Section 1_22,""
Section 1_23,""
Section 1_24,"F"
Section 1_25,""
Section 1_26,""
Section 1_27,""
Section 1_28,""
Section 1_29,"B"
Section 1_30,""
Section 1_31,""
Section 1_32,""
Section 1_33,"E"
Section 1_34,"B"
Section 1_35,""
Section 1_36,""
Section 1_37,"G"
Section 1_38,""
Section 1_39,"B"
Section 1_40,""
Section 1_41,"A"
Section 1_42,""
Section 1_43,"C"
Section 1_44,""
Section 1_45,""
Section 1_46,"E,G"
Section 1_47,"C"
Section 1_48,""
Section 1_49,""
Section 1_50,"B"
Section 1_51,"E"
Section 1_52,""
Section 1_53,""
Section 1_54,"B"
Section 1_55,""
Section 1_56,"D"
Section 1_57,""
Section 1_58,""
Section 1_59,"F"
Section 1_60,""
Section 2_1,"G"
Section 2_2,""
Section 2_3,""
Section 2_4,"A"
Section 2_5,""
Section 2_6,"D,G"
Section 2_7,""
Section 2_8,""
Section 2_9,""
Section 2_10,""
Section 2_11,"A,D"
Section 2_12,""
Section 2_13,""
Section 2_14,""
Section 2_15,""
Section 2_16,""
Section 2_17,""
Section 2_18,""
Section 2_19,"B"
Section 2_20,""
Section 2_21,"G"
Section 2_22,""
Section 2_23,""
Section 2_24,"D"
Section 2_25,""
Section 2_26,"A"
Section 2_27,""
Section 2_28,"E"
Section 2_29,""
Section 2_30,""
Section 2_31,"C"
Section 2_32,""
Section 2_33,""
Section 2_34,""
Section 2_35,"E"
Section 2_36,""
Section 2_37,"C"
Section 2_38,""
Section 2_39,""
Section 2_40,"A,G"
Section 2_41,"A"
Section 2_42,""
Section 2_43,"F"
Section 2_44,""
Section 2_45,""
Section 2_46,"D"
Section 2_47,"A"
Section 2_48,""
Section 2_49,""
Section 2_50,"E,G"
Section 2_51,""
Section 2_52,""
Section 2_53,"C"
Section 2_54,""
Section 2_55,""
Section 2_56,"G"
Section 2_57,""
Section 2_58,"E"
Section 2_59,""
Section 2_60,"A"
StudentId,"02472"
test_id,"154789770"
