Element Name,Value,
Section 1_1,""
Section 1_2,""
Section 1_3,"C"
Section 1_4,""
Section 1_5,"F"
Section 1_6,""
Section 1_7,""
Section 1_8,""
Section 1_9,"C"
Section 1_10,""
Section 1_11,""
Section 1_12,""
Section 1_13,""
Section 1_14,""
Section 1_15,""
Section 1_16,""
Section 1_17,""
Section 1_18,""
Section 1_19,""
Section 1_20,""
Section 1_21,""
Section 1_22,""
Section 1_23,""
Section 1_24,""
Section 1_25,""
Section 1_26,"D"
Section 1_27,""
Section 1_28,""
Section 1_29,""
Section 1_30,""
Section 1_31,""
Section 1_32,""
Section 1_33,""
Section 1_34,""
Section 1_35,""
Section 1_36,""
Section 1_37,""
Section 1_38,""
Section 1_39,""
Section 1_40,""
Section 1_41,"C"
Section 1_42,""
Section 1_43,"E"
Section 1_44,"B"
Section 1_45,""
Section 1_46,""
Section 1_47,""
Section 1_48,""
Section 1_49,""
Section 1_50,""
Section 1_51,""
Section 1_52,""
Section 1_53,""
Section 1_54,""
Section 1_55,""
Section 1_56,""
Section 1_57,""
Section 1_58,""
Section 1_59,""
Section 1_60,""
Section 2_1,""
Section 2_2,""
Section 2_3,""
Section 2_4,""
Section 2_5,"F"
Section 2_6,""
Section 2_7,""
Section 2_8,""
Section 2_9,"D"
Section 2_10,""
Section 2_11,""
Section 2_12,""
Section 2_13,""
Section 2_14,""
Section 2_15,""
Section 2_16,""
Section 2_17,""
Section 2_18,""
Section 2_19,""
Section 2_20,""
Section 2_21,""
Section 2_22,""
Section 2_23,"B"
Section 2_24,""
Section 2_25,""
Section 2_26,""
Section 2_27,""
Section 2_28,""
Section 2_29,"B"
Section 2_30,""
Section 2_31,""
Section 2_32,""
Section 2_33,""
Section 2_34,""
Section 2_35,""
Section 2_36,""
Section 2_37,""
Section 2_38,""
Section 2_39,"E"
Section 2_40,""
Section 2_41,""
Section 2_42,""
Section 2_43,"A"
Section 2_44,""
Section 2_45,""
Section 2_46,""
Section 2_47,""
Section 2_48,""
Section 2_49,""
Section 2_50,""
Section 2_51,"E"
Section 2_52,""
Section 2_53,""
Section 2_54,""
Section 2_55,""
Section 2_56,""
Section 2_57,""
Section 2_58,""
Section 2_59,""
Section 2_60,"A"
StudentId,"012567"
test_id,"154789770"
