Element Name,Value,
Age Group,"21-30"
Gender,"Female"
Gender,"$50-$100K"
More about the buying experience:,"If you have contacted out store by phone, how satisfied are you with the way your call was handled?"
More about the buying experience:_total,"18"
Please rate our SALES TEAM on the following,"The vehicle price and/or payments were discussed in a thorough manner,Explanation of warranty coverage,The professional manner in which you were treated"
Please rate our SALES TEAM on the following_total,"37"
Please rate your SALESPERSON on the following,"The manner in which you were greeted,Consideration of your time,Knowledge of the product features and benefits"
Please rate your SALESPERSON on the following_total,"43"
test_id,"154789770"
COVID-19 Survey_total,"98"
