Element Name,Value,
Age Group,"31-45"
Gender,"$100-$150K"
Gender,"Male"
More about the buying experience:,"If you have contacted out store by phone, how satisfied are you with the way your call was handled?"
More about the buying experience:_total,"10"
Please rate our SALES TEAM on the following,"The vehicle price and/or payments were discussed in a thorough manner,The professional manner in which you were treated,Fulfilled all commitments made to you"
Please rate our SALES TEAM on the following_total,"55"
Please rate your SALESPERSON on the following,"Consideration of your time,Ability to listen, understand and answer your questions,Ability to listen, understand and answer your questions"
Please rate your SALESPERSON on the following_total,"19"
test_id,"154789770"
COVID-19 Survey_total,"84"
