{
    "children": [{
            "children": [{
                    "name": "AmazeCar Customer Satisfaction Survey",
                    "font_style": "Bold",
                    "font_size": 18,
                    "align": "Center",
                    "element_type": "Text"
                }, {
                    "align": "Left",
                    "name": "logo.jpg",
                    "x": 278,
                    "y": 100,
                    "height": 200,
                    "width": 200,
                    "element_type": "Image"
                }, {
                    "name": "description",
                    "children": [{
                            "children": [{
                                    "height": 50,
                                    "element_type": "EmptyLine"
                                }, {
                                    "name": "Thank you for your purchase! We want your experience to be Perfect! Please help us be more Amazing by answering some question about your purchase.",
                                    "font_style": "Italic",
                                    "align": "Left",
                                    "element_type": "Content"
                                }
                            ],
                            "column": 1,
                            "element_type": "Block"
                        }
                    ],
                    "columns_count": 1,
                    "container_type": "Normal",
                    "element_type": "Container"
                }, {
                    "name": "about yourself_header",
                    "children": [{
                            "children": [{
                                    "name": "Please tell us a bit about yourself...",
                                    "font_style": "Bold",
                                    "font_size": 14,
                                    "align": "Left",
                                    "element_type": "Content"
                                }, {
                                    "height": 50,
                                    "element_type": "EmptyLine"
                                }
                            ],
                            "column": 1,
                            "border": "Square",
                            "element_type": "Block"
                        }
                    ],
                    "columns_proportions": [
                        100
                    ],
                    "container_type": "Normal",
                    "block_bottom_margin": 0,
                    "block_top_padding": 0,
                    "element_type": "Container"
                }, {
                    "height": 50,
                    "element_type": "EmptyLine"
                }, {
                    "name": "about yourself_content",
                    "children": [{
                            "children": [{
                                    "name": "Gender:",
                                    "font_style": "Bold",
                                    "font_size": 12,
                                    "align": "Left",
                                    "element_type": "Content"
                                }, {
                                    "name": "Gender",
                                    "children": [{
                                            "name": "Female",
                                            "children": [{
                                                    "name": "Female",
                                                    "align": "Left",
                                                    "element_type": "Content"
                                                }
                                            ],
                                            "bubble_type": "Round",
                                            "element_type": "Answer"
                                        }, {
                                            "name": "Male",
                                            "children": [{
                                                    "name": "Male",
                                                    "align": "Left",
                                                    "element_type": "Content"
                                                }
                                            ],
                                            "bubble_type": "Round",
                                            "element_type": "Answer"
                                        }, {
                                            "name": "Other(specify)",
                                            "children": [{
                                                    "name": "Other(specify)",
                                                    "align": "Left",
                                                    "element_type": "Content"
                                                }, {
                                                    "name": "Gender",
                                                    "element_type": "WriteIn"
                                                }
                                            ],
                                            "bubble_type": "Round",
                                            "element_type": "Answer"
                                        }
                                    ],
                                    "element_type": "VerticalChoiceBox",
                                    "top_padding": 0
                                }
                            ],
                            "column": 1,
                            "element_type": "Block"
                        }, {
                            "children": [{
                                    "name": "Age Group:",
                                    "font_style": "Bold",
                                    "font_size": 12,
                                    "align": "Left",
                                    "element_type": "Content"
                                }, {
                                    "name": "Age Group",
                                    "children": [{
                                            "name": "18-21",
                                            "children": [{
                                                    "name": "18-21",
                                                    "align": "Left",
                                                    "element_type": "Content"
                                                }
                                            ],
                                            "bubble_type": "Round",
                                            "element_type": "Answer"
                                        }, {
                                            "name": "21-30",
                                            "children": [{
                                                    "name": "21-30",
                                                    "align": "Left",
                                                    "element_type": "Content"
                                                }
                                            ],
                                            "bubble_type": "Round",
                                            "element_type": "Answer"
                                        }, {
                                            "name": "31-45",
                                            "children": [{
                                                    "name": "31-45",
                                                    "align": "Left",
                                                    "element_type": "Content"
                                                }
                                            ],
                                            "bubble_type": "Round",
                                            "element_type": "Answer"
                                        }, {
                                            "name": "46-60",
                                            "children": [{
                                                    "name": "46-60",
                                                    "align": "Left",
                                                    "element_type": "Content"
                                                }
                                            ],
                                            "bubble_type": "Round",
                                            "element_type": "Answer"
                                        }, {
                                            "name": ">60",
                                            "children": [{
                                                    "name": ">60",
                                                    "align": "Left",
                                                    "element_type": "Content"
                                                }
                                            ],
                                            "bubble_type": "Round",
                                            "element_type": "Answer"
                                        }, {
                                            "name": "21-30",
                                            "children": [{
                                                    "name": "21-30",
                                                    "align": "Left",
                                                    "element_type": "Content"
                                                }
                                            ],
                                            "bubble_type": "Round",
                                            "element_type": "Answer"
                                        }
                                    ],
                                    "element_type": "VerticalChoiceBox",
                                    "top_padding": 0
                                }
                            ],
                            "column": 3,
                            "element_type": "Block"
                        }, {
                            "children": [{
                                    "name": "Income Level:",
                                    "font_style": "Bold",
                                    "font_size": 12,
                                    "align": "Left",
                                    "element_type": "Content"
                                }, {
                                    "name": "Gender",
                                    "children": [{
                                            "name": "<$50K",
                                            "children": [{
                                                    "name": "<$50K",
                                                    "align": "Left",
                                                    "element_type": "Content"
                                                }
                                            ],
                                            "bubble_type": "Round",
                                            "element_type": "Answer"
                                        }, {
                                            "name": "$50-$100K",
                                            "children": [{
                                                    "name": "$50-$100K",
                                                    "align": "Left",
                                                    "element_type": "Content"
                                                }
                                            ],
                                            "bubble_type": "Round",
                                            "element_type": "Answer"
                                        }, {
                                            "name": "$100-$150K",
                                            "children": [{
                                                    "name": "$100-$150K",
                                                    "align": "Left",
                                                    "element_type": "Content"
                                                }
                                            ],
                                            "bubble_type": "Round",
                                            "element_type": "Answer"
                                        }, {
                                            "name": ">$150K",
                                            "children": [{
                                                    "name": ">$150K",
                                                    "align": "Left",
                                                    "element_type": "Content"
                                                }
                                            ],
                                            "bubble_type": "Round",
                                            "element_type": "Answer"
                                        }
                                    ],
                                    "element_type": "VerticalChoiceBox",
                                    "top_padding": 0
                                }
                            ],
                            "column": 5,
                            "element_type": "Block"
                        }
                    ],
                    "columns_proportions": [
                        33,
                        10,
                        22,
                        2,
                        33
                    ],
                    "container_type": "Normal",
                    "block_bottom_margin": 0,
                    "block_top_padding": 0,
                    "element_type": "Container"
                }, {
                    "height": 100,
                    "element_type": "EmptyLine"
                }, {
                    "name": "salesperson",
                    "children": [{
                            "name": "COVID-19 Survey",
                            "children": [{
                                    "font_style": "Bold",
                                    "font_size": 10,
                                    "row_proportions": [
                                        40,
                                        12,
                                        12,
                                        12,
                                        12,
                                        12
                                    ],
                                    "score_display": "DontDisplay",
                                    "name": "Please rate your SALESPERSON on the following",
                                    "children": [{
                                            "Score": 9,
                                            "name": "Fantastic!",
                                            "header_type": "Positive",
                                            "element_type": "ScoreHeader",
                                            "font_style": "Bold",
                                            "align": "Center"
                                        }, {
                                            "Score": 7,
                                            "name": "Excellent",
                                            "header_type": "Positive",
                                            "element_type": "ScoreHeader",
                                            "font_style": "Bold",
                                            "align": "Center"
                                        }, {
                                            "Score": 5,
                                            "name": "Satisfactory",
                                            "header_type": "Positive",
                                            "element_type": "ScoreHeader",
                                            "font_style": "Bold",
                                            "align": "Center"
                                        }, {
                                            "Score": 3,
                                            "name": "Mediocre",
                                            "header_type": "Positive",
                                            "element_type": "ScoreHeader",
                                            "font_style": "Bold",
                                            "align": "Center"
                                        }, {
                                            "Score": 0,
                                            "name": "Negative",
                                            "header_type": "Negative",
                                            "element_type": "ScoreHeader",
                                            "font_style": "Bold",
                                            "align": "Center"
                                        }, {
                                            "Score": 2,
                                            "element_type": "ScoreAnswer",
                                            "name": "The manner in which you were greeted",
                                            "align": "Left"
                                        }, {
                                            "Score": 1,
                                            "element_type": "ScoreAnswer",
                                            "name": "Sincerity and honesty in dealing with you",
                                            "align": "Left"
                                        }, {
                                            "Score": 1,
                                            "element_type": "ScoreAnswer",
                                            "name": "Consideration of your time",
                                            "align": "Left"
                                        }, {
                                            "Score": 1,
                                            "element_type": "ScoreAnswer",
                                            "name": "Ability to listen, understand and answer your questions",
                                            "align": "Left"
                                        }, {
                                            "Score": 2,
                                            "element_type": "ScoreAnswer",
                                            "name": "Knowledge of the product features and benefits",
                                            "align": "Left"
                                        }, {
                                            "Score": 3,
                                            "element_type": "ScoreAnswer",
                                            "name": "Fulfilled all commitments made to you",
                                            "align": "Left"
                                        }
                                    ],
                                    "element_type": "ScoreQuestion"
                                }, {
                                    "font_style": "Bold",
                                    "font_size": 10,
                                    "row_proportions": [
                                        40,
                                        12,
                                        12,
                                        12,
                                        12,
                                        12
                                    ],
                                    "score_display": "DontDisplay",
                                    "name": "Please rate our SALES TEAM on the following",
                                    "children": [{
                                            "Score": 9,
                                            "name": "Fantastic!",
                                            "header_type": "Positive",
                                            "element_type": "ScoreHeader",
                                            "font_style": "Bold",
                                            "align": "Center"
                                        }, {
                                            "Score": 7,
                                            "name": "Excellent",
                                            "header_type": "Positive",
                                            "element_type": "ScoreHeader",
                                            "font_style": "Bold",
                                            "align": "Center"
                                        }, {
                                            "Score": 5,
                                            "name": "Satisfactory",
                                            "header_type": "Positive",
                                            "element_type": "ScoreHeader",
                                            "font_style": "Bold",
                                            "align": "Center"
                                        }, {
                                            "Score": 3,
                                            "name": "Mediocre",
                                            "header_type": "Positive",
                                            "element_type": "ScoreHeader",
                                            "font_style": "Bold",
                                            "align": "Center"
                                        }, {
                                            "Score": 0,
                                            "name": "Negative",
                                            "header_type": "Negative",
                                            "element_type": "ScoreHeader",
                                            "font_style": "Bold",
                                            "align": "Center"
                                        }, {
                                            "Score": 2,
                                            "element_type": "ScoreAnswer",
                                            "name": "The vehicle price and/or payments were discussed in a thorough manner",
                                            "align": "Left"
                                        }, {
                                            "Score": 1,
                                            "element_type": "ScoreAnswer",
                                            "name": "Explanation of warranty coverage",
                                            "align": "Left"
                                        }, {
                                            "Score": 2,
                                            "element_type": "ScoreAnswer",
                                            "name": "The professional manner in which you were treated",
                                            "align": "Left"
                                        }, {
                                            "Score": 3,
                                            "element_type": "ScoreAnswer",
                                            "name": "Fulfilled all commitments made to you",
                                            "align": "Left"
                                        }
                                    ],
                                    "element_type": "ScoreQuestion"
                                }, {
                                    "font_style": "Bold",
                                    "font_size": 10,
                                    "row_proportions": [
                                        40,
                                        12,
                                        12,
                                        12,
                                        12,
                                        12
                                    ],
                                    "score_display": "DontDisplay",
                                    "name": "More about the buying experience:",
                                    "children": [{
                                            "Score": 9,
                                            "name": "Fantastic!",
                                            "header_type": "Positive",
                                            "element_type": "ScoreHeader",
                                            "font_style": "Bold",
                                            "align": "Center"
                                        }, {
                                            "Score": 7,
                                            "name": "Excellent",
                                            "header_type": "Positive",
                                            "element_type": "ScoreHeader",
                                            "font_style": "Bold",
                                            "align": "Center"
                                        }, {
                                            "Score": 5,
                                            "name": "Satisfactory",
                                            "header_type": "Positive",
                                            "element_type": "ScoreHeader",
                                            "font_style": "Bold",
                                            "align": "Center"
                                        }, {
                                            "Score": 3,
                                            "name": "Mediocre",
                                            "header_type": "Positive",
                                            "element_type": "ScoreHeader",
                                            "font_style": "Bold",
                                            "align": "Center"
                                        }, {
                                            "Score": 0,
                                            "name": "Negative",
                                            "header_type": "Negative",
                                            "element_type": "ScoreHeader",
                                            "font_style": "Bold",
                                            "align": "Center"
                                        }, {
                                            "Score": 2,
                                            "element_type": "ScoreAnswer",
                                            "name": "If you have contacted out store by phone, how satisfied are you with the way your call was handled?",
                                            "align": "Left"
                                        }
                                    ],
                                    "element_type": "ScoreQuestion"
                                }
                            ],
                            "score_group_type": "Table",
                            "element_type": "ScoreGroup"
                        }
                    ],
                    "columns_proportions": [
                        100
                    ],
                    "container_type": "Normal",
                    "block_bottom_margin": 0,
                    "block_top_padding": 0,
                    "element_type": "Container"
                }, {
                    "children": [{
                            "children": [{
                                    "name": "If you overall experience was unsatisfactory - leave your contact information. We'll make it up to you!",
                                    "align": "Left",
                                    "element_type": "Content"
                                }, {
                                    "height": 50,
                                    "element_type": "EmptyLine"
                                }, {
                                    "name": "contact_information",
                                    "element_type": "WriteIn"
                                }
                            ],
                            "column": 1,
                            "element_type": "Block"
                        }
                    ],
                    "columns_count": 1,
                    "container_type": "Normal",
                    "element_type": "Container"
                }, {
                    "element_type": "EmptyLine"
                }, {
                    "name": "test_id",
                    "value": "15478977",
                    "barcode_type": "code32",
                    "align": "Center",
                    "codetext": true,
                    "element_type": "Barcode"
                }
            ],
            "element_type": "Page"
        }
    ],
    "element_type": "Template"
}
