{
  "name": null,
  "children": [
    {
      "name": null,
      "children": [
        {
          "align": "Center",
          "name": "logo.jpg",
          "image_path": null,
          "x": 1169,
          "y": 100,
          "height": 200,
          "width": 200,
          "element_type": "Image"
        },
        {
          "name": "Aspose University \r\n",
          "font_family": "Calibri",
          "font_style": "Bold",
          "font_size": 16,
          "align": "Center",
          "element_type": "Text"
        },
        {
          "name": "Alumni Questionnaire\r\n",
          "font_family": "Calibri",
          "font_style": "Regular",
          "font_size": 14,
          "align": "Center",
          "element_type": "Text"
        },
        {
          "name": "instructions",
          "children": [
            {
              "name": "",
              "children": [
                {
                  "name": "Instructions",
                  "font_family": "Calibri",
                  "font_style": "Bold",
                  "font_size": 12,
                  "content_type": "Normal",
                  "align": "Center",
                  "element_type": "Content"
                },
                {
                  "name": "Please fill circle completely, as shown in example:",
                  "font_family": "Calibri",
                  "font_style": "Regular",
                  "font_size": 9,
                  "content_type": "Normal",
                  "align": "Left",
                  "element_type": "Content"
                },
                {
                  "align": "Left",
                  "name": "example.png",
                  "image_path": null,
                  "x": -1,
                  "y": -1,
                  "height": 280,
                  "width": 700,
                  "element_type": "Image"
                }
              ],
              "column": 2,
              "border": "Rounded",
              "border_size": 3,
              "border_color": "Red",
              "is_clipped": false,
              "element_type": "Block"
            },
            {
              "name": "",
              "children": [
                {
                  "name": "1. Gender",
                  "font_family": "Calibri",
                  "font_style": "Bold",
                  "font_size": 12,
                  "content_type": "Normal",
                  "align": "Left",
                  "element_type": "Content"
                },
                {
                  "name": "Gender",
                  "children": [
                    {
                      "name": "Female",
                      "children": [
                        {
                          "name": "Female",
                          "font_family": "Calibri",
                          "font_style": "Regular",
                          "font_size": 9,
                          "content_type": "Normal",
                          "align": "Left",
                          "element_type": "Content"
                        }
                      ],
                      "bubble_type": "Round",
                      "element_type": "Answer"
                    },
                    {
                      "name": "Male",
                      "children": [
                        {
                          "name": "Male",
                          "font_family": "Calibri",
                          "font_style": "Regular",
                          "font_size": 9,
                          "content_type": "Normal",
                          "align": "Left",
                          "element_type": "Content"
                        }
                      ],
                      "bubble_type": "Round",
                      "element_type": "Answer"
                    },
                    {
                      "name": "Other(specify)",
                      "children": [
                        {
                          "name": "Other(specify)",
                          "font_family": "Calibri",
                          "font_style": "Regular",
                          "font_size": 9,
                          "content_type": "Normal",
                          "align": "Left",
                          "element_type": "Content"
                        },
                        {
                          "name": "Gender",
                          "required": false,
                          "element_type": "WriteIn"
                        }
                      ],
                      "bubble_type": "Round",
                      "element_type": "Answer"
                    }
                  ],
                  "element_type": "VerticalChoiceBox",
                  "threshold": 0,
                  "top_padding": 0
                }
              ],
              "column": 1,
              "border": "None",
              "border_size": 3,
              "border_color": "Black",
              "is_clipped": false,
              "element_type": "Block"
            }
          ],
          "columns_count": 2,
          "columns_proportions": null,
          "container_type": "Normal",
          "block_right_margin": 40,
          "block_bottom_margin": 20,
          "block_top_padding": 20,
          "element_type": "Container"
        },
        {
          "name": "2-3",
          "children": [
            {
              "name": "",
              "children": [
                {
                  "name": "2. Major at Graduation(mark all that apply)",
                  "font_family": "Calibri",
                  "font_style": "Bold",
                  "font_size": 12,
                  "content_type": "Normal",
                  "align": "Left",
                  "element_type": "Content"
                },
                {
                  "name": "Major at Graduation",
                  "children": [
                    {
                      "name": "Biology",
                      "children": [
                        {
                          "name": "Biology",
                          "font_family": "Calibri",
                          "font_style": "Regular",
                          "font_size": 9,
                          "content_type": "Normal",
                          "align": "Left",
                          "element_type": "Content"
                        }
                      ],
                      "bubble_type": "Round",
                      "element_type": "Answer"
                    },
                    {
                      "name": "Botany",
                      "children": [
                        {
                          "name": "Botany",
                          "font_family": "Calibri",
                          "font_style": "Regular",
                          "font_size": 9,
                          "content_type": "Normal",
                          "align": "Left",
                          "element_type": "Content"
                        }
                      ],
                      "bubble_type": "Round",
                      "element_type": "Answer"
                    },
                    {
                      "name": "Drama",
                      "children": [
                        {
                          "name": "Drama",
                          "font_family": "Calibri",
                          "font_style": "Regular",
                          "font_size": 9,
                          "content_type": "Normal",
                          "align": "Left",
                          "element_type": "Content"
                        }
                      ],
                      "bubble_type": "Round",
                      "element_type": "Answer"
                    },
                    {
                      "name": "Education",
                      "children": [
                        {
                          "name": "Education",
                          "font_family": "Calibri",
                          "font_style": "Regular",
                          "font_size": 9,
                          "content_type": "Normal",
                          "align": "Left",
                          "element_type": "Content"
                        }
                      ],
                      "bubble_type": "Round",
                      "element_type": "Answer"
                    },
                    {
                      "name": "French",
                      "children": [
                        {
                          "name": "French",
                          "font_family": "Calibri",
                          "font_style": "Regular",
                          "font_size": 9,
                          "content_type": "Normal",
                          "align": "Left",
                          "element_type": "Content"
                        }
                      ],
                      "bubble_type": "Round",
                      "element_type": "Answer"
                    },
                    {
                      "name": "General",
                      "children": [
                        {
                          "name": "General",
                          "font_family": "Calibri",
                          "font_style": "Regular",
                          "font_size": 9,
                          "content_type": "Normal",
                          "align": "Left",
                          "element_type": "Content"
                        }
                      ],
                      "bubble_type": "Round",
                      "element_type": "Answer"
                    },
                    {
                      "name": "History",
                      "children": [
                        {
                          "name": "History",
                          "font_family": "Calibri",
                          "font_style": "Regular",
                          "font_size": 9,
                          "content_type": "Normal",
                          "align": "Left",
                          "element_type": "Content"
                        }
                      ],
                      "bubble_type": "Round",
                      "element_type": "Answer"
                    },
                    {
                      "name": "Drama",
                      "children": [
                        {
                          "name": "Drama",
                          "font_family": "Calibri",
                          "font_style": "Regular",
                          "font_size": 9,
                          "content_type": "Normal",
                          "align": "Left",
                          "element_type": "Content"
                        }
                      ],
                      "bubble_type": "Round",
                      "element_type": "Answer"
                    },
                    {
                      "name": "Journalism",
                      "children": [
                        {
                          "name": "Journalism",
                          "font_family": "Calibri",
                          "font_style": "Regular",
                          "font_size": 9,
                          "content_type": "Normal",
                          "align": "Left",
                          "element_type": "Content"
                        }
                      ],
                      "bubble_type": "Round",
                      "element_type": "Answer"
                    },
                    {
                      "name": "Mathematics",
                      "children": [
                        {
                          "name": "Mathematics",
                          "font_family": "Calibri",
                          "font_style": "Regular",
                          "font_size": 9,
                          "content_type": "Normal",
                          "align": "Left",
                          "element_type": "Content"
                        }
                      ],
                      "bubble_type": "Round",
                      "element_type": "Answer"
                    },
                    {
                      "name": "Physics",
                      "children": [
                        {
                          "name": "Physics",
                          "font_family": "Calibri",
                          "font_style": "Regular",
                          "font_size": 9,
                          "content_type": "Normal",
                          "align": "Left",
                          "element_type": "Content"
                        }
                      ],
                      "bubble_type": "Round",
                      "element_type": "Answer"
                    },
                    {
                      "name": "Psychology",
                      "children": [
                        {
                          "name": "Psychology",
                          "font_family": "Calibri",
                          "font_style": "Regular",
                          "font_size": 9,
                          "content_type": "Normal",
                          "align": "Left",
                          "element_type": "Content"
                        }
                      ],
                      "bubble_type": "Round",
                      "element_type": "Answer"
                    },
                    {
                      "name": "Spanish",
                      "children": [
                        {
                          "name": "Spanish",
                          "font_family": "Calibri",
                          "font_style": "Regular",
                          "font_size": 9,
                          "content_type": "Normal",
                          "align": "Left",
                          "element_type": "Content"
                        }
                      ],
                      "bubble_type": "Round",
                      "element_type": "Answer"
                    }
                  ],
                  "element_type": "VerticalChoiceBox",
                  "threshold": 0,
                  "top_padding": 0
                }
              ],
              "column": 1,
              "border": "None",
              "border_size": 3,
              "border_color": "Black",
              "is_clipped": false,
              "element_type": "Block"
            },
            {
              "name": "",
              "children": [
                {
                  "name": "3. Year of Graduation",
                  "font_family": "Calibri",
                  "font_style": "Bold",
                  "font_size": 12,
                  "content_type": "Normal",
                  "align": "Left",
                  "element_type": "Content"
                },
                {
                  "vertical_margin": 0,
                  "bubble_size": "Small",
                  "name": "Year",
                  "column": 0,
                  "columns_count": 4,
                  "align": "Left",
                  "header_type": "Square",
                  "header_border_size": 3,
                  "header_border_color": "Black",
                  "orientation": "Horizontal",
                  "bubble_type": "Round",
                  "x": -1,
                  "y": -1,
                  "values": [
                    "0",
                    "1",
                    "2",
                    "3",
                    "4",
                    "5",
                    "6",
                    "7",
                    "8",
                    "9"
                  ],
                  "extra_row": [],
                  "rotate": 0,
                  "element_type": "CompositeGrid"
                }
              ],
              "column": 2,
              "border": "None",
              "border_size": 3,
              "border_color": "Black",
              "is_clipped": false,
              "element_type": "Block"
            },
            {
              "name": "",
              "children": [
                {
                  "name": "4. What was your overall GPA?",
                  "font_family": "Calibri",
                  "font_style": "Bold",
                  "font_size": 12,
                  "content_type": "Normal",
                  "align": "Left",
                  "element_type": "Content"
                },
                {
                  "vertical_margin": 0,
                  "bubble_size": "Small",
                  "name": "GPA",
                  "column": 0,
                  "columns_count": 3,
                  "align": "Left",
                  "header_type": "Square",
                  "header_border_size": 3,
                  "header_border_color": "Black",
                  "orientation": "Horizontal",
                  "bubble_type": "Round",
                  "x": -1,
                  "y": -1,
                  "values": [
                    "0",
                    "1",
                    "2",
                    "3",
                    "4",
                    "5",
                    "6",
                    "7",
                    "8",
                    "9"
                  ],
                  "extra_row": [],
                  "rotate": 0,
                  "element_type": "CompositeGrid"
                }
              ],
              "column": 3,
              "border": "None",
              "border_size": 3,
              "border_color": "Black",
              "is_clipped": false,
              "element_type": "Block"
            },
            {
              "name": "",
              "children": [
                {
                  "name": "5. Type of major:",
                  "font_family": "Calibri",
                  "font_style": "Bold",
                  "font_size": 12,
                  "content_type": "Normal",
                  "align": "Left",
                  "element_type": "Content"
                },
                {
                  "name": "Type of Major",
                  "children": [
                    {
                      "name": "Single",
                      "children": [
                        {
                          "name": "Single",
                          "font_family": "Calibri",
                          "font_style": "Regular",
                          "font_size": 9,
                          "content_type": "Normal",
                          "align": "Left",
                          "element_type": "Content"
                        }
                      ],
                      "bubble_type": "Round",
                      "element_type": "Answer"
                    },
                    {
                      "name": "Dual",
                      "children": [
                        {
                          "name": "Dual",
                          "font_family": "Calibri",
                          "font_style": "Regular",
                          "font_size": 9,
                          "content_type": "Normal",
                          "align": "Left",
                          "element_type": "Content"
                        }
                      ],
                      "bubble_type": "Round",
                      "element_type": "Answer"
                    },
                    {
                      "name": "Double",
                      "children": [
                        {
                          "name": "Double",
                          "font_family": "Calibri",
                          "font_style": "Regular",
                          "font_size": 9,
                          "content_type": "Normal",
                          "align": "Left",
                          "element_type": "Content"
                        }
                      ],
                      "bubble_type": "Round",
                      "element_type": "Answer"
                    },
                    {
                      "name": "Other",
                      "children": [
                        {
                          "name": "Other",
                          "font_family": "Calibri",
                          "font_style": "Regular",
                          "font_size": 9,
                          "content_type": "Normal",
                          "align": "Left",
                          "element_type": "Content"
                        },
                        {
                          "name": "Type of Major",
                          "required": false,
                          "element_type": "WriteIn"
                        }
                      ],
                      "bubble_type": "Round",
                      "element_type": "Answer"
                    }
                  ],
                  "element_type": "VerticalChoiceBox",
                  "threshold": 0,
                  "top_padding": 0
                }
              ],
              "column": 1,
              "border": "None",
              "border_size": 3,
              "border_color": "Black",
              "is_clipped": false,
              "element_type": "Block"
            }
          ],
          "columns_count": 3,
          "columns_proportions": null,
          "container_type": "Normal",
          "block_right_margin": 40,
          "block_bottom_margin": 20,
          "block_top_padding": 20,
          "element_type": "Container"
        },
        {
          "name": "Employment\r\n",
          "font_family": "Calibri",
          "font_style": "Bold",
          "font_size": 12,
          "align": "Left",
          "element_type": "Text"
        },
        {
          "name": null,
          "height": 0,
          "element_type": "EmptyLine"
        },
        {
          "hide_name": true,
          "name": "Have you been employed since graduating?",
          "orientation": "Horizontal",
          "bubble_size": "Extrasmall",
          "bubble_type": "Square",
          "threshold": 3,
          "element_type": "CheckBox",
          "children": [
            {
              "name": "Have you been employed since graduating?",
              "font_family": "Calibri",
              "font_style": "Italic",
              "font_size": 10,
              "content_type": "Normal",
              "align": "Left",
              "element_type": "Content"
            }
          ],
          "font_family": "Calibri",
          "font_style": "Regular",
          "font_size": 10
        },
        {
          "hide_name": true,
          "name": "Were you able to find a job related to your major?",
          "orientation": "Horizontal",
          "bubble_size": "Extrasmall",
          "bubble_type": "Square",
          "threshold": 3,
          "element_type": "CheckBox",
          "children": [
            {
              "name": "Were you able to find a job related to your major?",
              "font_family": "Calibri",
              "font_style": "Italic",
              "font_size": 10,
              "content_type": "Normal",
              "align": "Left",
              "element_type": "Content"
            }
          ],
          "font_family": "Calibri",
          "font_style": "Regular",
          "font_size": 10
        },
        {
          "hide_name": true,
          "name": "Are you happy you chose this major?",
          "orientation": "Horizontal",
          "bubble_size": "Extrasmall",
          "bubble_type": "Square",
          "threshold": 3,
          "element_type": "CheckBox",
          "children": [
            {
              "name": "Are you happy you chose this major?",
              "font_family": "Calibri",
              "font_style": "Italic",
              "font_size": 10,
              "content_type": "Normal",
              "align": "Left",
              "element_type": "Content"
            }
          ],
          "font_family": "Calibri",
          "font_style": "Regular",
          "font_size": 10
        },
        {
          "hide_name": true,
          "name": "Did your coursework prepare you for this job?",
          "orientation": "Horizontal",
          "bubble_size": "Extrasmall",
          "bubble_type": "Square",
          "threshold": 3,
          "element_type": "CheckBox",
          "children": [
            {
              "name": "Did your coursework prepare you for this job?",
              "font_family": "Calibri",
              "font_style": "Italic",
              "font_size": 10,
              "content_type": "Normal",
              "align": "Left",
              "element_type": "Content"
            }
          ],
          "font_family": "Calibri",
          "font_style": "Regular",
          "font_size": 10
        },
        {
          "name": "test_id",
          "value": "15478977",
          "barcode_type": "Code32",
          "qr_version": "Auto",
          "align": "Center",
          "height": -1,
          "codetext": true,
          "X": -1,
          "Y": -1,
          "element_type": "Barcode"
        }
      ],
      "element_type": "Page"
    }
  ],
  "element_type": "Template"
}