{
  "name": null,
  "children": [
    {
      "name": null,
      "children": [
        {
          "align": "Center",
          "name": "logo.jpg",
          "image_path": null,
          "x": -1,
          "y": -1,
          "height": 200,
          "width": 200,
          "element_type": "Image"
        },
        {
          "name": "header",
          "children": [
            {
              "name": "text",
              "children": [
                {
                  "name": "Aspose High School Final Exam",
                  "font_family": "Calibri",
                  "font_style": "Bold",
                  "font_size": 14,
                  "content_type": "Normal",
                  "align": "Center",
                  "element_type": "Content"
                }
              ],
              "column": 1,
              "border": "None",
              "border_size": 3,
              "border_color": "Black",
              "is_clipped": false,
              "element_type": "Block"
            }
          ],
          "columns_count": 1,
          "columns_proportions": null,
          "container_type": "Normal",
          "block_right_margin": 40,
          "block_bottom_margin": 20,
          "block_top_padding": 20,
          "element_type": "Container"
        },
        {
          "name": "",
          "children": [
            {
              "name": "",
              "children": [
                {
                  "name": "Instructions",
                  "font_family": "Calibri",
                  "font_style": "Bold",
                  "font_size": 12,
                  "content_type": "Normal",
                  "align": "Left",
                  "element_type": "Content"
                },
                {
                  "name": "Mark answer by filling circle fully. If question is skipped - mark special bubble under \"Question skipped\"",
                  "font_family": "Calibri",
                  "font_style": "Italic",
                  "font_size": 10,
                  "content_type": "Normal",
                  "align": "Left",
                  "element_type": "Content"
                },
                {
                  "align": "Left",
                  "name": "example.png",
                  "image_path": null,
                  "x": -1,
                  "y": -1,
                  "height": 300,
                  "width": 700,
                  "element_type": "Image"
                }
              ],
              "column": 1,
              "border": "Rounded",
              "border_size": 3,
              "border_color": "Black",
              "is_clipped": false,
              "element_type": "Block"
            },
            {
              "name": "",
              "children": [
                {
                  "name": "",
                  "height": 25,
                  "element_type": "EmptyLine"
                },
                {
                  "name": "Name:________________________________________",
                  "font_family": "Calibri",
                  "font_style": "Regular",
                  "font_size": 10,
                  "content_type": "Normal",
                  "align": "Left",
                  "element_type": "Content"
                },
                {
                  "name": "",
                  "height": 50,
                  "element_type": "EmptyLine"
                },
                {
                  "name": "Teacher:_____________________________________",
                  "font_family": "Calibri",
                  "font_style": "Regular",
                  "font_size": 10,
                  "content_type": "Normal",
                  "align": "Left",
                  "element_type": "Content"
                },
                {
                  "name": "",
                  "height": 25,
                  "element_type": "EmptyLine"
                },
                {
                  "name": "Month/Day/Year",
                  "font_family": "Calibri",
                  "font_style": "Regular",
                  "font_size": 9,
                  "content_type": "Normal",
                  "align": "Center",
                  "element_type": "Content"
                },
                {
                  "name": "  /  /    ",
                  "font_family": "Calibri",
                  "font_style": "Regular",
                  "font_size": 10,
                  "content_type": "Cells",
                  "align": "Center",
                  "element_type": "Content"
                },
                {
                  "name": "test_id",
                  "value": "15478977",
                  "barcode_type": "Code32",
                  "qr_version": "Auto",
                  "align": "Center",
                  "height": -1,
                  "codetext": true,
                  "X": -1,
                  "Y": -1,
                  "element_type": "Barcode"
                },
                {
                  "name": "",
                  "height": 15,
                  "element_type": "EmptyLine"
                }
              ],
              "column": 2,
              "border": "Rounded",
              "border_size": 3,
              "border_color": "Black",
              "is_clipped": false,
              "element_type": "Block"
            }
          ],
          "columns_count": 2,
          "columns_proportions": null,
          "container_type": "Normal",
          "block_right_margin": 40,
          "block_bottom_margin": 0,
          "block_top_padding": 0,
          "element_type": "Container"
        },
        {
          "name": "",
          "height": 50,
          "element_type": "EmptyLine"
        },
        {
          "name": "Part I\r\n",
          "font_family": "Calibri",
          "font_style": "Bold",
          "font_size": 12,
          "align": "Left",
          "element_type": "Text"
        },
        {
          "name": "1",
          "children": [
            {
              "name": "2",
              "children": [
                {
                  "columns_count": 4,
                  "amount": 60,
                  "name": "PartI",
                  "border": "Rounded",
                  "border_size": 3,
                  "border_color": "DarkOrange",
                  "children": [
                    {
                      "font_family": "Calibri",
                      "font_style": "Regular",
                      "font_size": 9,
                      "name": "123",
                      "children": [
                        {
                          "name": "QNo.",
                          "font_family": "Calibri",
                          "font_style": "Bold",
                          "font_size": 6,
                          "content_type": "Normal",
                          "align": "Center",
                          "element_type": "Content"
                        },
                        {
                          "name": "Answer Options",
                          "font_family": "Calibri",
                          "font_style": "Bold",
                          "font_size": 6,
                          "content_type": "Normal",
                          "align": "Center",
                          "element_type": "Content"
                        },
                        {
                          "name": "Question skipped",
                          "font_family": "Calibri",
                          "font_style": "Bold",
                          "font_size": 6,
                          "content_type": "Normal",
                          "align": "Center",
                          "element_type": "Content"
                        }
                      ],
                      "element_type": "TableHeader"
                    },
                    {
                      "name": "row_%index%",
                      "children": [
                        {
                          "name": "%index%",
                          "font_family": "Calibri",
                          "font_style": "Regular",
                          "font_size": 6,
                          "content_type": "Normal",
                          "align": "Center",
                          "element_type": "Content"
                        },
                        {
                          "name": "b_%index%",
                          "answers_list": [
                            "A",
                            "B",
                            "C",
                            "D"
                          ],
                          "font_family": "Calibri",
                          "font_style": "Regular",
                          "font_size": 4,
                          "bubble_size": "Extrasmall",
                          "bubble_type": "Round",
                          "element_type": "BubbleArray"
                        },
                        {
                          "bubble_size": "Extrasmall",
                          "value": "question skipped",
                          "name": "trigger_to_skip_question",
                          "target": "PartI_%index%",
                          "bubble_type": "Round",
                          "trigger_type": "ReplaceValue",
                          "element_type": "CustomTrigger"
                        }
                      ],
                      "element_type": "CustomRow"
                    }
                  ],
                  "element_type": "CustomAnswerSheet",
                  "row_proportions": [
                    20,
                    50,
                    30
                  ]
                }
              ],
              "column": 1,
              "border": "None",
              "border_size": 3,
              "border_color": "Black",
              "is_clipped": false,
              "element_type": "Block"
            }
          ],
          "columns_count": 1,
          "columns_proportions": null,
          "container_type": "Normal",
          "block_right_margin": 40,
          "block_bottom_margin": 20,
          "block_top_padding": 20,
          "element_type": "Container"
        },
        {
          "name": "",
          "height": 50,
          "element_type": "EmptyLine"
        },
        {
          "name": "Part II\r\n",
          "font_family": "Calibri",
          "font_style": "Bold",
          "font_size": 12,
          "align": "Left",
          "element_type": "Text"
        },
        {
          "name": "1",
          "children": [
            {
              "name": "2",
              "children": [
                {
                  "columns_count": 4,
                  "amount": 60,
                  "name": "PartII",
                  "border": "Rounded",
                  "border_size": 3,
                  "border_color": "DarkOrange",
                  "children": [
                    {
                      "font_family": "Calibri",
                      "font_style": "Regular",
                      "font_size": 9,
                      "name": "123",
                      "children": [
                        {
                          "name": "QNo.",
                          "font_family": "Calibri",
                          "font_style": "Bold",
                          "font_size": 6,
                          "content_type": "Normal",
                          "align": "Center",
                          "element_type": "Content"
                        },
                        {
                          "name": "Answer Options",
                          "font_family": "Calibri",
                          "font_style": "Bold",
                          "font_size": 6,
                          "content_type": "Normal",
                          "align": "Center",
                          "element_type": "Content"
                        },
                        {
                          "name": "Question skipped",
                          "font_family": "Calibri",
                          "font_style": "Bold",
                          "font_size": 6,
                          "content_type": "Normal",
                          "align": "Center",
                          "element_type": "Content"
                        }
                      ],
                      "element_type": "TableHeader"
                    },
                    {
                      "name": "row_%index%",
                      "children": [
                        {
                          "name": "%index%",
                          "font_family": "Calibri",
                          "font_style": "Regular",
                          "font_size": 6,
                          "content_type": "Normal",
                          "align": "Center",
                          "element_type": "Content"
                        },
                        {
                          "name": "b_%index%",
                          "answers_list": [
                            "A",
                            "B",
                            "C",
                            "D"
                          ],
                          "font_family": "Calibri",
                          "font_style": "Regular",
                          "font_size": 4,
                          "bubble_size": "Extrasmall",
                          "bubble_type": "Round",
                          "element_type": "BubbleArray"
                        },
                        {
                          "bubble_size": "Extrasmall",
                          "value": "question skipped",
                          "name": "trigger_to_skip_question",
                          "target": "PartII_%index%",
                          "bubble_type": "Round",
                          "trigger_type": "ReplaceValue",
                          "element_type": "CustomTrigger"
                        }
                      ],
                      "element_type": "CustomRow"
                    }
                  ],
                  "element_type": "CustomAnswerSheet",
                  "row_proportions": [
                    20,
                    50,
                    30
                  ]
                }
              ],
              "column": 1,
              "border": "None",
              "border_size": 3,
              "border_color": "Black",
              "is_clipped": false,
              "element_type": "Block"
            }
          ],
          "columns_count": 1,
          "columns_proportions": null,
          "container_type": "Normal",
          "block_right_margin": 40,
          "block_bottom_margin": 20,
          "block_top_padding": 20,
          "element_type": "Container"
        },
        {
          "name": "",
          "height": 50,
          "element_type": "EmptyLine"
        },
        {
          "name": "Part III\r\n",
          "font_family": "Calibri",
          "font_style": "Bold",
          "font_size": 12,
          "align": "Left",
          "element_type": "Text"
        },
        {
          "name": "1",
          "children": [
            {
              "name": "2",
              "children": [
                {
                  "columns_count": 4,
                  "amount": 60,
                  "name": "PartIII",
                  "border": "Rounded",
                  "border_size": 3,
                  "border_color": "DarkOrange",
                  "children": [
                    {
                      "font_family": "Calibri",
                      "font_style": "Regular",
                      "font_size": 9,
                      "name": "123",
                      "children": [
                        {
                          "name": "QNo.",
                          "font_family": "Calibri",
                          "font_style": "Bold",
                          "font_size": 6,
                          "content_type": "Normal",
                          "align": "Center",
                          "element_type": "Content"
                        },
                        {
                          "name": "Answer Options",
                          "font_family": "Calibri",
                          "font_style": "Bold",
                          "font_size": 6,
                          "content_type": "Normal",
                          "align": "Center",
                          "element_type": "Content"
                        },
                        {
                          "name": "Question skipped",
                          "font_family": "Calibri",
                          "font_style": "Bold",
                          "font_size": 6,
                          "content_type": "Normal",
                          "align": "Center",
                          "element_type": "Content"
                        }
                      ],
                      "element_type": "TableHeader"
                    },
                    {
                      "name": "row_%index%",
                      "children": [
                        {
                          "name": "%index%",
                          "font_family": "Calibri",
                          "font_style": "Regular",
                          "font_size": 6,
                          "content_type": "Normal",
                          "align": "Center",
                          "element_type": "Content"
                        },
                        {
                          "name": "b_%index%",
                          "answers_list": [
                            "A",
                            "B",
                            "C",
                            "D"
                          ],
                          "font_family": "Calibri",
                          "font_style": "Regular",
                          "font_size": 4,
                          "bubble_size": "Extrasmall",
                          "bubble_type": "Round",
                          "element_type": "BubbleArray"
                        },
                        {
                          "bubble_size": "Extrasmall",
                          "value": "question skipped",
                          "name": "trigger_to_skip_question",
                          "target": "PartIII_%index%",
                          "bubble_type": "Round",
                          "trigger_type": "ReplaceValue",
                          "element_type": "CustomTrigger"
                        }
                      ],
                      "element_type": "CustomRow"
                    }
                  ],
                  "element_type": "CustomAnswerSheet",
                  "row_proportions": [
                    20,
                    50,
                    30
                  ]
                }
              ],
              "column": 1,
              "border": "None",
              "border_size": 3,
              "border_color": "Black",
              "is_clipped": false,
              "element_type": "Block"
            }
          ],
          "columns_count": 1,
          "columns_proportions": null,
          "container_type": "Normal",
          "block_right_margin": 40,
          "block_bottom_margin": 20,
          "block_top_padding": 20,
          "element_type": "Container"
        }
      ],
      "element_type": "Page"
    }
  ],
  "element_type": "Template"
}