{
    "children": [{
            "children": [{
                    "align": "Center",
                    "name": "logo.jpg",
                    "height": 200,
                    "width": 200,
                    "element_type": "Image"
                }, {
                    "name": "header",
                    "children": [{
                            "name": "text",
                            "children": [{
                                    "name": "Aspose High School Final Exam",
                                    "font_style": "Bold",
                                    "font_size": 14,
                                    "align": "Center",
                                    "element_type": "Content"
                                }
                            ],
                            "column": 1,
                            "element_type": "Block"
                        }
                    ],
                    "columns_count": 1,
                    "container_type": "Normal",
                    "element_type": "Container"
                }, {
                    "children": [{
                            "children": [{
                                    "name": "Instructions",
                                    "font_style": "Bold",
                                    "font_size": 12,
                                    "align": "Left",
                                    "element_type": "Content"
                                }, {
                                    "name": "Mark answer by filling circle fully. If question is skipped - mark special bubble under \"Question skipped\"",
                                    "font_style": "Italic",
                                    "font_size": 10,
                                    "align": "Left",
                                    "element_type": "Content"
                                }, {
                                    "align": "Left",
                                    "name": "example.png",
                                    "height": 300,
                                    "width": 700,
                                    "element_type": "Image"
                                }, {
                                    "height": 365,
                                    "element_type": "EmptyLine"
                                }
                            ],
                            "column": 1,
                            "border": "Rounded",
                            "element_type": "Block"
                        }, {
                            "children": [{
                                    "height": 25,
                                    "element_type": "EmptyLine"
                                }, {
                                    "name": "Name:________________________________________",
                                    "font_size": 10,
                                    "align": "Left",
                                    "element_type": "Content"
                                }, {
                                    "height": 50,
                                    "element_type": "EmptyLine"
                                }, {
                                    "name": "Teacher:_____________________________________",
                                    "font_size": 10,
                                    "align": "Left",
                                    "element_type": "Content"
                                }, {
                                    "height": 25,
                                    "element_type": "EmptyLine"
                                }, {
                                    "name": "Month/Day/Year",
                                    "align": "Center",
                                    "element_type": "Content"
                                }, {
                                    "name": "  /  /    ",
                                    "font_size": 10,
                                    "content_type": "Cells",
                                    "align": "Center",
                                    "element_type": "Content"
                                }, {
                                    "height": 50,
                                    "element_type": "EmptyLine"
                                }, {
                                    "name": "test_id",
                                    "value": "15478977",
                                    "barcode_type": "code32",
                                    "align": "Center",
                                    "codetext": true,
                                    "element_type": "Barcode"
                                }
                            ],
                            "column": 2,
                            "border": "Rounded",
                            "element_type": "Block"
                        }
                    ],
                    "columns_count": 2,
                    "container_type": "Normal",
                    "block_bottom_margin": 0,
                    "block_top_padding": 0,
                    "element_type": "Container"
                }, {
                    "height": 25,
                    "element_type": "EmptyLine"
                }, {
                    "name": "Part I",
                    "font_style": "Bold",
                    "font_size": 12,
                    "align": "Left",
                    "element_type": "Text"
                }, {
                    "height": 50,
                    "element_type": "EmptyLine"
                }, {
                    "name": "1",
                    "children": [{
                            "name": "2",
                            "children": [{
                                    "columns_count": 4,
                                    "amount": 60,
                                    "name": "PartI",
                                    "border": "Rounded",
                                    "border_color": "DarkOrange",
                                    "children": [{
                                            "name": "123",
                                            "children": [{
                                                    "name": "QNo.",
                                                    "font_style": "Bold",
                                                    "font_size": 6,
                                                    "align": "Center",
                                                    "element_type": "Content"
                                                }, {
                                                    "name": "Answer Options",
                                                    "font_style": "Bold",
                                                    "font_size": 6,
                                                    "align": "Center",
                                                    "element_type": "Content"
                                                }, {
                                                    "name": "Question skipped",
                                                    "font_style": "Bold",
                                                    "font_size": 6,
                                                    "align": "Center",
                                                    "element_type": "Content"
                                                }
                                            ],
                                            "element_type": "TableHeader"
                                        }, {
                                            "name": "row_%index%",
                                            "children": [{
                                                    "name": "%index%",
                                                    "font_size": 6,
                                                    "align": "Center",
                                                    "element_type": "Content"
                                                }, {
                                                    "name": "b_%index%",
                                                    "answers_list": [
                                                        "A",
                                                        "B",
                                                        "C",
                                                        "D"
                                                    ],
                                                    "font_size": 4,
                                                    "bubble_size": "Extrasmall",
                                                    "element_type": "BubbleArray"
                                                }, {
                                                    "bubble_size": "Extrasmall",
                                                    "value": "question skipped",
                                                    "name": "trigger_to_skip_question",
                                                    "target": "PartI_%index%",
                                                    "trigger_type": "ReplaceValue",
                                                    "element_type": "CustomTrigger"
                                                }
                                            ],
                                            "element_type": "CustomRow"
                                        }
                                    ],
                                    "element_type": "CustomAnswerSheet",
                                    "row_proportions": [
                                        20,
                                        50,
                                        30
                                    ]
                                }
                            ],
                            "column": 1,
                            "element_type": "Block"
                        }
                    ],
                    "container_type": "Normal",
                    "element_type": "Container"
                }, {
                    "element_type": "EmptyLine"
                }, {
                    "name": "Part II",
                    "font_style": "Bold",
                    "font_size": 12,
                    "align": "Left",
                    "element_type": "Text"
                }, {
                    "height": 50,
                    "element_type": "EmptyLine"
                }, {
                    "name": "1",
                    "children": [{
                            "name": "2",
                            "children": [{
                                    "columns_count": 4,
                                    "amount": 60,
                                    "name": "PartII",
                                    "border": "Rounded",
                                    "border_color": "DarkOrange",
                                    "children": [{
                                            "name": "123",
                                            "children": [{
                                                    "name": "QNo.",
                                                    "font_style": "Bold",
                                                    "font_size": 6,
                                                    "align": "Center",
                                                    "element_type": "Content"
                                                }, {
                                                    "name": "Answer Options",
                                                    "font_style": "Bold",
                                                    "font_size": 6,
                                                    "align": "Center",
                                                    "element_type": "Content"
                                                }, {
                                                    "name": "Question skipped",
                                                    "font_style": "Bold",
                                                    "font_size": 6,
                                                    "align": "Center",
                                                    "element_type": "Content"
                                                }
                                            ],
                                            "element_type": "TableHeader"
                                        }, {
                                            "name": "row_%index%",
                                            "children": [{
                                                    "name": "%index%",
                                                    "font_size": 6,
                                                    "align": "Center",
                                                    "element_type": "Content"
                                                }, {
                                                    "name": "b_%index%",
                                                    "answers_list": [
                                                        "A",
                                                        "B",
                                                        "C",
                                                        "D"
                                                    ],
                                                    "font_size": 4,
                                                    "bubble_size": "Extrasmall",
                                                    "element_type": "BubbleArray"
                                                }, {
                                                    "bubble_size": "Extrasmall",
                                                    "value": "question skipped",
                                                    "name": "trigger_to_skip_question",
                                                    "target": "PartII_%index%",
                                                    "trigger_type": "ReplaceValue",
                                                    "element_type": "CustomTrigger"
                                                }
                                            ],
                                            "element_type": "CustomRow"
                                        }
                                    ],
                                    "element_type": "CustomAnswerSheet",
                                    "row_proportions": [
                                        20,
                                        50,
                                        30
                                    ]
                                }
                            ],
                            "column": 1,
                            "element_type": "Block"
                        }
                    ],
                    "container_type": "Normal",
                    "element_type": "Container"
                }, {
                    "element_type": "EmptyLine"
                }, {
                    "name": "Part III",
                    "font_style": "Bold",
                    "font_size": 12,
                    "align": "Left",
                    "element_type": "Text"
                }, {
                    "height": 50,
                    "element_type": "EmptyLine"
                }, {
                    "name": "1",
                    "children": [{
                            "name": "2",
                            "children": [{
                                    "columns_count": 4,
                                    "amount": 60,
                                    "name": "PartIII",
                                    "border": "Rounded",
                                    "border_color": "DarkOrange",
                                    "children": [{
                                            "name": "123",
                                            "children": [{
                                                    "name": "QNo.",
                                                    "font_style": "Bold",
                                                    "font_size": 6,
                                                    "align": "Center",
                                                    "element_type": "Content"
                                                }, {
                                                    "name": "Answer Options",
                                                    "font_style": "Bold",
                                                    "font_size": 6,
                                                    "align": "Center",
                                                    "element_type": "Content"
                                                }, {
                                                    "name": "Question skipped",
                                                    "font_style": "Bold",
                                                    "font_size": 6,
                                                    "align": "Center",
                                                    "element_type": "Content"
                                                }
                                            ],
                                            "element_type": "TableHeader"
                                        }, {
                                            "name": "row_%index%",
                                            "children": [{
                                                    "name": "%index%",
                                                    "font_size": 6,
                                                    "align": "Center",
                                                    "element_type": "Content"
                                                }, {
                                                    "name": "b_%index%",
                                                    "answers_list": [
                                                        "A",
                                                        "B",
                                                        "C",
                                                        "D"
                                                    ],
                                                    "font_size": 4,
                                                    "bubble_size": "Extrasmall",
                                                    "element_type": "BubbleArray"
                                                }, {
                                                    "bubble_size": "Extrasmall",
                                                    "value": "question skipped",
                                                    "name": "trigger_to_skip_question",
                                                    "target": "PartIII_%index%",
                                                    "trigger_type": "ReplaceValue",
                                                    "element_type": "CustomTrigger"
                                                }
                                            ],
                                            "element_type": "CustomRow"
                                        }
                                    ],
                                    "element_type": "CustomAnswerSheet",
                                    "row_proportions": [
                                        20,
                                        50,
                                        30
                                    ]
                                }
                            ],
                            "column": 1,
                            "element_type": "Block"
                        }
                    ],
                    "container_type": "Normal",
                    "element_type": "Container"
                }
            ],
            "element_type": "Page"
        }
    ],
    "element_type": "Template"
}
