Element Name,Value,
PartI_1,""
PartI_2,""
PartI_3,""
PartI_4,""
PartI_5,""
PartI_6,""
PartI_7,"C"
PartI_8,""
PartI_9,""
PartI_10,""
PartI_11,""
PartI_12,""
PartI_13,""
PartI_14,""
PartI_15,""
PartI_16,""
PartI_17,"D"
PartI_18,"C"
PartI_19,""
PartI_20,""
PartI_21,""
PartI_22,""
PartI_23,""
PartI_24,""
PartI_25,""
PartI_26,""
PartI_27,""
PartI_28,""
PartI_29,"B"
PartI_30,""
PartI_31,""
PartI_32,"question skipped"
PartI_33,""
PartI_34,"D"
PartI_35,""
PartI_36,""
PartI_37,""
PartI_38,""
PartI_39,""
PartI_40,""
PartI_41,""
PartI_42,"B"
PartI_43,""
PartI_44,""
PartI_45,""
PartI_46,""
PartI_47,""
PartI_48,""
PartI_49,""
PartI_50,""
PartI_51,""
PartI_52,""
PartI_53,""
PartI_54,"D"
PartI_55,""
PartI_56,""
PartI_57,""
PartI_58,""
PartI_59,""
PartI_60,""
PartII_1,""
PartII_2,"question skipped"
PartII_3,""
PartII_4,""
PartII_5,""
PartII_6,""
PartII_7,"C"
PartII_8,""
PartII_9,""
PartII_10,""
PartII_11,""
PartII_12,""
PartII_13,""
PartII_14,""
PartII_15,""
PartII_16,""
PartII_17,""
PartII_18,"B"
PartII_19,""
PartII_20,""
PartII_21,""
PartII_22,""
PartII_23,""
PartII_24,"D"
PartII_25,""
PartII_26,""
PartII_27,"B"
PartII_28,""
PartII_29,""
PartII_30,""
PartII_31,""
PartII_32,""
PartII_33,"D"
PartII_34,""
PartII_35,""
PartII_36,"C"
PartII_37,""
PartII_38,""
PartII_39,""
PartII_40,""
PartII_41,""
PartII_42,""
PartII_43,""
PartII_44,""
PartII_45,""
PartII_46,""
PartII_47,""
PartII_48,""
PartII_49,"C"
PartII_50,""
PartII_51,""
PartII_52,""
PartII_53,""
PartII_54,""
PartII_55,"C"
PartII_56,""
PartII_57,""
PartII_58,""
PartII_59,""
PartII_60,""
PartIII_1,""
PartIII_2,""
PartIII_3,""
PartIII_4,"question skipped"
PartIII_5,""
PartIII_6,"A"
PartIII_7,""
PartIII_8,"C"
PartIII_9,""
PartIII_10,""
PartIII_11,""
PartIII_12,""
PartIII_13,""
PartIII_14,""
PartIII_15,""
PartIII_16,""
PartIII_17,""
PartIII_18,"C"
PartIII_19,""
PartIII_20,""
PartIII_21,"C"
PartIII_22,""
PartIII_23,""
PartIII_24,""
PartIII_25,""
PartIII_26,""
PartIII_27,""
PartIII_28,""
PartIII_29,""
PartIII_30,""
PartIII_31,""
PartIII_32,"D"
PartIII_33,""
PartIII_34,""
PartIII_35,""
PartIII_36,""
PartIII_37,"C"
PartIII_38,""
PartIII_39,""
PartIII_40,""
PartIII_41,"A"
PartIII_42,""
PartIII_43,""
PartIII_44,"D"
PartIII_45,""
PartIII_46,""
PartIII_47,"D"
PartIII_48,""
PartIII_49,"B"
PartIII_50,""
PartIII_51,""
PartIII_52,""
PartIII_53,""
PartIII_54,""
PartIII_55,""
PartIII_56,""
PartIII_57,""
PartIII_58,""
PartIII_59,""
PartIII_60,""
test_id,"154789770"
