Element Name,Value,
PartI_1,""
PartI_2,""
PartI_3,""
PartI_4,""
PartI_5,"D"
PartI_6,""
PartI_7,""
PartI_8,""
PartI_9,""
PartI_10,""
PartI_11,""
PartI_12,""
PartI_13,""
PartI_14,""
PartI_15,""
PartI_16,""
PartI_17,""
PartI_18,"C"
PartI_19,""
PartI_20,"A"
PartI_21,"question skipped"
PartI_22,"C"
PartI_23,""
PartI_24,"B"
PartI_25,""
PartI_26,""
PartI_27,""
PartI_28,""
PartI_29,""
PartI_30,""
PartI_31,"C"
PartI_32,""
PartI_33,"C"
PartI_34,""
PartI_35,"B"
PartI_36,""
PartI_37,""
PartI_38,""
PartI_39,""
PartI_40,""
PartI_41,""
PartI_42,""
PartI_43,""
PartI_44,""
PartI_45,""
PartI_46,"question skipped"
PartI_47,"question skipped"
PartI_48,"C"
PartI_49,"D"
PartI_50,""
PartI_51,"A"
PartI_52,"A"
PartI_53,""
PartI_54,""
PartI_55,""
PartI_56,""
PartI_57,"D"
PartI_58,""
PartI_59,""
PartI_60,""
PartII_1,""
PartII_2,""
PartII_3,""
PartII_4,""
PartII_5,""
PartII_6,""
PartII_7,""
PartII_8,""
PartII_9,""
PartII_10,""
PartII_11,""
PartII_12,""
PartII_13,""
PartII_14,""
PartII_15,""
PartII_16,""
PartII_17,""
PartII_18,""
PartII_19,""
PartII_20,""
PartII_21,"C"
PartII_22,"B"
PartII_23,""
PartII_24,""
PartII_25,""
PartII_26,""
PartII_27,""
PartII_28,""
PartII_29,""
PartII_30,""
PartII_31,""
PartII_32,""
PartII_33,""
PartII_34,""
PartII_35,""
PartII_36,"C"
PartII_37,"B"
PartII_38,""
PartII_39,""
PartII_40,""
PartII_41,""
PartII_42,""
PartII_43,""
PartII_44,""
PartII_45,""
PartII_46,""
PartII_47,""
PartII_48,"D"
PartII_49,""
PartII_50,"C"
PartII_51,"B"
PartII_52,""
PartII_53,""
PartII_54,""
PartII_55,""
PartII_56,"B,C"
PartII_57,""
PartII_58,""
PartII_59,""
PartII_60,""
PartIII_1,""
PartIII_2,""
PartIII_3,""
PartIII_4,""
PartIII_5,""
PartIII_6,""
PartIII_7,""
PartIII_8,""
PartIII_9,""
PartIII_10,""
PartIII_11,""
PartIII_12,""
PartIII_13,""
PartIII_14,""
PartIII_15,""
PartIII_16,""
PartIII_17,"question skipped"
PartIII_18,""
PartIII_19,"D"
PartIII_20,"C"
PartIII_21,""
PartIII_22,""
PartIII_23,""
PartIII_24,""
PartIII_25,""
PartIII_26,""
PartIII_27,""
PartIII_28,""
PartIII_29,""
PartIII_30,""
PartIII_31,""
PartIII_32,""
PartIII_33,""
PartIII_34,""
PartIII_35,"D"
PartIII_36,""
PartIII_37,""
PartIII_38,""
PartIII_39,""
PartIII_40,""
PartIII_41,""
PartIII_42,""
PartIII_43,""
PartIII_44,""
PartIII_45,""
PartIII_46,""
PartIII_47,""
PartIII_48,""
PartIII_49,""
PartIII_50,""
PartIII_51,""
PartIII_52,""
PartIII_53,""
PartIII_54,""
PartIII_55,""
PartIII_56,""
PartIII_57,""
PartIII_58,""
PartIII_59,""
PartIII_60,""
test_id,"154789770"
