{
    "children": [{
            "children": [{
                    "align": "Center",
                    "name": "logo.jpg",
                    "x": 1169,
                    "y": 100,
                    "height": 200,
                    "width": 200,
                    "element_type": "Image"
                }, {
                    "name": "Aspose University ",
                    "font_style": "Bold",
                    "font_size": 16,
                    "align": "Center",
                    "element_type": "Text"
                }, {
                    "height": 25,
                    "element_type": "EmptyLine"
                }, {
                    "name": "instructions",
                    "children": [{
                            "children": [{
                                    "name": "Instructions",
                                    "font_style": "Bold",
                                    "font_size": 12,
                                    "align": "Center",
                                    "element_type": "Content"
                                }, {
                                    "name": "height",
                                    "height": 50,
                                    "element_type": "EmptyLine"
                                }, {
                                    "name": "Please fill circle completely, as shown in example:",
                                    "align": "Left",
                                    "element_type": "Content"
                                }, {
                                    "align": "Left",
                                    "name": "example.png",
                                    "height": 280,
                                    "width": 700,
                                    "element_type": "Image"
                                }
                            ],
                            "column": 1,
                            "border": "Rounded",
                            "border_color": "DarkOrange",
                            "element_type": "Block"
                        }, {
                            "children": [{
                                    "name": "Alumni Questionnaire",
                                    "font_size": 14,
                                    "align": "Center",
                                    "element_type": "Content"
                                }, {
                                    "height": 150,
                                    "element_type": "EmptyLine"
                                }, {
                                    "name": "test_id",
                                    "value": "15478977",
                                    "barcode_type": "code32",
                                    "align": "Center",
                                    "codetext": true,
                                    "element_type": "Barcode"
                                }, {
                                    "height": 125,
                                    "element_type": "EmptyLine"
                                }
                            ],
                            "column": 2,
                            "border": "Rounded",
                            "border_color": "DarkOrange",
                            "element_type": "Block"
                        }
                    ],
                    "columns_count": 2,
                    "container_type": "Normal",
                    "element_type": "Container"
                }, {
                    "element_type": "EmptyLine"
                }, {
                    "align": "Left",
                    "answers_string": "\t() Female () Male ",
                    "question_text": "Gender:",
                    "element_type": "ChoiceBox"
                }, {
                    "element_type": "EmptyLine"
                }, {
                    "align": "Left",
                    "answers_string": "\t() Biology           () Botany      () Drama\r\n\t() Education       () French   () General\r\n\t() History            () Drama    () Journalism\r\n\t() Mathematics () Physics  () Psychology",
                    "question_text": "Major at Graduation(mark all that apply):",
                    "element_type": "ChoiceBox"
                }, {
                    "element_type": "EmptyLine"
                }, {
                    "align": "Left",
                    "answers_string": "\t() Single () Dual () Double () Other",
                    "question_text": "Type of Major:",
                    "element_type": "ChoiceBox"
                }, {
                    "element_type": "EmptyLine"
                }, {
                    "align": "Left",
                    "answers_string": "\t() 1950 () 1960 () 1970 () 1980\r\n\t() 1990\t() 2000 () 2010 () 2020\r\n\t",
                    "question_text": "Decade of Graduation:",
                    "element_type": "ChoiceBox"
                }, {
                    "align": "Left",
                    "answers_string": "\t(0) (1) (2) (3) (4) (5) (6) (7) (8) (9)",
                    "question_text": "Please specify year in decade of Graduation:",
                    "element_type": "ChoiceBox"
                }, {
                    "element_type": "EmptyLine"
                }, {
                    "align": "Left",
                    "answers_string": "\t() 75-100% () 50-75% () 25-50% () 0-25%",
                    "question_text": "Rank in group:",
                    "element_type": "ChoiceBox"
                }, {
                    "element_type": "EmptyLine"
                }, {
                    "name": "Employment",
                    "font_style": "Bold",
                    "font_size": 12,
                    "align": "Left",
                    "element_type": "Text"
                }, {
                    "element_type": "EmptyLine"
                }, {
                    "hide_name": true,
                    "name": "Have you been employed since graduating?",
                    "orientation": "Horizontal",
                    "bubble_size": "Extrasmall",
                    "threshold": 3,
                    "element_type": "CheckBox",
                    "children": [{
                            "name": "Have you been employed since graduating?",
                            "font_style": "Italic",
                            "font_size": 10,
                            "align": "Left",
                            "element_type": "Content"
                        }
                    ],
                    "font_size": 10
                }, {
                    "element_type": "EmptyLine"
                }, {
                    "hide_name": true,
                    "name": "Were you able to find a job related to your major?",
                    "orientation": "Horizontal",
                    "bubble_size": "Extrasmall",
                    "threshold": 3,
                    "element_type": "CheckBox",
                    "children": [{
                            "name": "Were you able to find a job related to your major?",
                            "font_style": "Italic",
                            "font_size": 10,
                            "align": "Left",
                            "element_type": "Content"
                        }
                    ],
                    "font_size": 10
                }, {
                    "element_type": "EmptyLine"
                }, {
                    "hide_name": true,
                    "name": "Are you happy you chose this major?",
                    "orientation": "Horizontal",
                    "bubble_size": "Extrasmall",
                    "threshold": 3,
                    "element_type": "CheckBox",
                    "children": [{
                            "name": "Are you happy you chose this major?",
                            "font_style": "Italic",
                            "font_size": 10,
                            "align": "Left",
                            "element_type": "Content"
                        }
                    ],
                    "font_size": 10
                }, {
                    "element_type": "EmptyLine"
                }, {
                    "hide_name": true,
                    "name": "Did your coursework prepare you for this job?",
                    "orientation": "Horizontal",
                    "bubble_size": "Extrasmall",
                    "threshold": 3,
                    "element_type": "CheckBox",
                    "children": [{
                            "name": "Did your coursework prepare you for this job?",
                            "font_style": "Italic",
                            "font_size": 10,
                            "align": "Left",
                            "element_type": "Content"
                        }
                    ],
                    "font_size": 10
                }, {
                    "height": 150,
                    "element_type": "EmptyLine"
                }
            ],
            "element_type": "Page"
        }
    ],
    "element_type": "Template"
}
