{
  "name": null,
  "children": [
    {
      "name": null,
      "children": [
        {
          "align": "Center",
          "name": "logo.jpg",
          "image_path": null,
          "x": 1169,
          "y": 100,
          "height": 200,
          "width": 200,
          "element_type": "Image"
        },
        {
          "name": "Aspose University \r\n",
          "font_family": "Calibri",
          "font_style": "Bold",
          "font_size": 16,
          "align": "Center",
          "element_type": "Text"
        },
        {
          "name": "",
          "height": 25,
          "element_type": "EmptyLine"
        },
        {
          "name": "instructions",
          "children": [
            {
              "name": "",
              "children": [
                {
                  "name": "Instructions",
                  "font_family": "Calibri",
                  "font_style": "Bold",
                  "font_size": 12,
                  "content_type": "Normal",
                  "align": "Center",
                  "element_type": "Content"
                },
                {
                  "name": "height",
                  "height": 50,
                  "element_type": "EmptyLine"
                },
                {
                  "name": "Please fill circle completely, as shown in example:",
                  "font_family": "Calibri",
                  "font_style": "Regular",
                  "font_size": 9,
                  "content_type": "Normal",
                  "align": "Left",
                  "element_type": "Content"
                },
                {
                  "align": "Left",
                  "name": "example.png",
                  "image_path": null,
                  "x": -1,
                  "y": -1,
                  "height": 280,
                  "width": 700,
                  "element_type": "Image"
                }
              ],
              "column": 1,
              "border": "Rounded",
              "border_size": 3,
              "border_color": "DarkOrange",
              "is_clipped": false,
              "element_type": "Block"
            },
            {
              "name": "",
              "children": [
                {
                  "name": "Alumni Questionnaire",
                  "font_family": "Calibri",
                  "font_style": "Regular",
                  "font_size": 14,
                  "content_type": "Normal",
                  "align": "Center",
                  "element_type": "Content"
                },
                {
                  "name": "",
                  "height": 150,
                  "element_type": "EmptyLine"
                },
                {
                  "name": "test_id",
                  "value": "15478977",
                  "barcode_type": "Code32",
                  "qr_version": "Auto",
                  "align": "Center",
                  "height": -1,
                  "codetext": true,
                  "X": -1,
                  "Y": -1,
                  "element_type": "Barcode"
                },
                {
                  "name": "",
                  "height": 125,
                  "element_type": "EmptyLine"
                }
              ],
              "column": 2,
              "border": "Rounded",
              "border_size": 3,
              "border_color": "DarkOrange",
              "is_clipped": false,
              "element_type": "Block"
            }
          ],
          "columns_count": 2,
          "columns_proportions": null,
          "container_type": "Normal",
          "block_right_margin": 40,
          "block_bottom_margin": 20,
          "block_top_padding": 20,
          "element_type": "Container"
        },
        {
          "name": null,
          "height": 0,
          "element_type": "EmptyLine"
        },
        {
          "name": null,
          "font_family": "Calibri",
          "font_style": "Regular",
          "font_size": 9,
          "align": "Left",
          "answers_string": "\t() Female () Male \r\n",
          "question_text": "Gender:\r\n",
          "element_type": "ChoiceBox"
        },
        {
          "name": null,
          "height": 0,
          "element_type": "EmptyLine"
        },
        {
          "name": null,
          "font_family": "Calibri",
          "font_style": "Regular",
          "font_size": 9,
          "align": "Left",
          "answers_string": "\t() Biology           () Botany      () Drama\r\n\t() Education       () French   () General\r\n\t() History            () Drama    () Journalism\r\n\t() Mathematics () Physics  () Psychology\r\n",
          "question_text": "Major at Graduation(mark all that apply):\r\n",
          "element_type": "ChoiceBox"
        },
        {
          "name": null,
          "height": 0,
          "element_type": "EmptyLine"
        },
        {
          "name": null,
          "font_family": "Calibri",
          "font_style": "Regular",
          "font_size": 9,
          "align": "Left",
          "answers_string": "\t() Single () Dual () Double () Other\r\n",
          "question_text": "Type of Major:\r\n",
          "element_type": "ChoiceBox"
        },
        {
          "name": null,
          "height": 0,
          "element_type": "EmptyLine"
        },
        {
          "name": null,
          "font_family": "Calibri",
          "font_style": "Regular",
          "font_size": 9,
          "align": "Left",
          "answers_string": "\t() 1950 () 1960 () 1970 () 1980\r\n\t() 1990\t() 2000 () 2010 () 2020\r\n\t\r\n",
          "question_text": "Decade of Graduation:\r\n",
          "element_type": "ChoiceBox"
        },
        {
          "name": null,
          "font_family": "Calibri",
          "font_style": "Regular",
          "font_size": 9,
          "align": "Left",
          "answers_string": "\t(0) (1) (2) (3) (4) (5) (6) (7) (8) (9)\r\n",
          "question_text": "Please specify year in decade of Graduation:\r\n",
          "element_type": "ChoiceBox"
        },
        {
          "name": null,
          "height": 0,
          "element_type": "EmptyLine"
        },
        {
          "name": null,
          "font_family": "Calibri",
          "font_style": "Regular",
          "font_size": 9,
          "align": "Left",
          "answers_string": "\t() 75-100% () 50-75% () 25-50% () 0-25%\r\n",
          "question_text": "Rank in group:\r\n",
          "element_type": "ChoiceBox"
        },
        {
          "name": null,
          "height": 0,
          "element_type": "EmptyLine"
        },
        {
          "name": "Employment\r\n",
          "font_family": "Calibri",
          "font_style": "Bold",
          "font_size": 12,
          "align": "Left",
          "element_type": "Text"
        },
        {
          "name": null,
          "height": 0,
          "element_type": "EmptyLine"
        },
        {
          "hide_name": true,
          "name": "Have you been employed since graduating?",
          "orientation": "Horizontal",
          "bubble_size": "Extrasmall",
          "bubble_type": "Square",
          "threshold": 3,
          "element_type": "CheckBox",
          "children": [
            {
              "name": "Have you been employed since graduating?",
              "font_family": "Calibri",
              "font_style": "Italic",
              "font_size": 10,
              "content_type": "Normal",
              "align": "Left",
              "element_type": "Content"
            }
          ],
          "font_family": "Calibri",
          "font_style": "Regular",
          "font_size": 10
        },
        {
          "hide_name": true,
          "name": "Were you able to find a job related to your major?",
          "orientation": "Horizontal",
          "bubble_size": "Extrasmall",
          "bubble_type": "Square",
          "threshold": 3,
          "element_type": "CheckBox",
          "children": [
            {
              "name": "Were you able to find a job related to your major?",
              "font_family": "Calibri",
              "font_style": "Italic",
              "font_size": 10,
              "content_type": "Normal",
              "align": "Left",
              "element_type": "Content"
            }
          ],
          "font_family": "Calibri",
          "font_style": "Regular",
          "font_size": 10
        },
        {
          "hide_name": true,
          "name": "Are you happy you chose this major?",
          "orientation": "Horizontal",
          "bubble_size": "Extrasmall",
          "bubble_type": "Square",
          "threshold": 3,
          "element_type": "CheckBox",
          "children": [
            {
              "name": "Are you happy you chose this major?",
              "font_family": "Calibri",
              "font_style": "Italic",
              "font_size": 10,
              "content_type": "Normal",
              "align": "Left",
              "element_type": "Content"
            }
          ],
          "font_family": "Calibri",
          "font_style": "Regular",
          "font_size": 10
        },
        {
          "hide_name": true,
          "name": "Did your coursework prepare you for this job?",
          "orientation": "Horizontal",
          "bubble_size": "Extrasmall",
          "bubble_type": "Square",
          "threshold": 3,
          "element_type": "CheckBox",
          "children": [
            {
              "name": "Did your coursework prepare you for this job?",
              "font_family": "Calibri",
              "font_style": "Italic",
              "font_size": 10,
              "content_type": "Normal",
              "align": "Left",
              "element_type": "Content"
            }
          ],
          "font_family": "Calibri",
          "font_style": "Regular",
          "font_size": 10
        },
        {
          "name": "",
          "height": 150,
          "element_type": "EmptyLine"
        }
      ],
      "element_type": "Page"
    }
  ],
  "element_type": "Template"
}