Element Name,Value,
MainQuestions1,"A"
MainQuestions2,"B"
MainQuestions3,""
MainQuestions4,""
MainQuestions5,"C"
MainQuestions6,""
MainQuestions7,""
MainQuestions8,""
MainQuestions9,""
MainQuestions10,"D"
MainQuestions11,"C"
MainQuestions12,""
MainQuestions13,"B"
MainQuestions14,""
MainQuestions15,""
MainQuestions16,""
MainQuestions17,""
MainQuestions18,"D"
MainQuestions19,""
MainQuestions20,""
MainQuestions21,"B"
MainQuestions22,""
MainQuestions23,""
MainQuestions24,""
MainQuestions25,""
MainQuestions26,""
MainQuestions27,""
MainQuestions28,"D"
MainQuestions29,""
MainQuestions30,""
MainQuestions31,""
MainQuestions32,""
MainQuestions33,""
MainQuestions34,""
MainQuestions35,""
MainQuestions36,"D"
MainQuestions37,""
MainQuestions38,""
MainQuestions39,""
MainQuestions40,""
MainQuestions40,"A"
MainQuestions41,""
MainQuestions42,"C"
MainQuestions43,""
MainQuestions44,""
MainQuestions45,""
MainQuestions46,""
MainQuestions47,""
MainQuestions48,""
MainQuestions49,""
MainQuestions50,""
MainQuestions51,""
MainQuestions52,"A"
MainQuestions53,""
MainQuestions54,""
MainQuestions55,""
MainQuestions56,""
MainQuestions57,""
MainQuestions58,""
MainQuestions59,"B"
MainQuestions60,"D"
MainQuestions61,""
MainQuestions62,""
MainQuestions63,""
MainQuestions64,""
MainQuestions65,""
MainQuestions66,"C"
MainQuestions67,""
MainQuestions68,""
MainQuestions69,""
MainQuestions70,""
MainQuestions71,""
MainQuestions72,"D"
MainQuestions73,""
MainQuestions74,""
MainQuestions75,""
MainQuestions76,""
MainQuestions77,""
MainQuestions78,""
MainQuestions79,""
MainQuestions80,"B"
MainQuestions81,""
MainQuestions82,""
MainQuestions83,""
MainQuestions84,""
MainQuestions85,""
MainQuestions86,""
MainQuestions87,""
MainQuestions88,""
MainQuestions89,""
MainQuestions90,"A"
MainQuestions91,""
MainQuestions92,""
MainQuestions93,""
MainQuestions94,""
MainQuestions95,""
MainQuestions96,"B"
MainQuestions97,""
MainQuestions98,""
MainQuestions99,""
MainQuestions100,""
MainQuestions101,""
MainQuestions102,""
MainQuestions103,"B"
MainQuestions104,"C"
MainQuestions105,""
MainQuestions106,""
MainQuestions107,""
MainQuestions108,""
MainQuestions109,""
MainQuestions110,""
MainQuestions111,""
MainQuestions112,"D"
MainQuestions113,""
MainQuestions114,""
MainQuestions115,""
MainQuestions116,""
MainQuestions117,""
MainQuestions118,""
MainQuestions119,""
StudentId,"455432"
test_id,"154789770"
