Element Name,Value,
MainQuestions1,"A"
MainQuestions2,""
MainQuestions3,"B"
MainQuestions4,""
MainQuestions5,""
MainQuestions6,""
MainQuestions7,"B"
MainQuestions8,""
MainQuestions9,""
MainQuestions10,""
MainQuestions11,"B"
MainQuestions12,""
MainQuestions13,"C"
MainQuestions14,""
MainQuestions15,""
MainQuestions16,"C"
MainQuestions17,""
MainQuestions18,"B"
MainQuestions19,""
MainQuestions20,""
MainQuestions21,""
MainQuestions22,"C"
MainQuestions23,""
MainQuestions24,""
MainQuestions25,""
MainQuestions26,"B"
MainQuestions27,""
MainQuestions28,""
MainQuestions29,"B"
MainQuestions30,""
MainQuestions31,""
MainQuestions32,""
MainQuestions33,""
MainQuestions34,"A"
MainQuestions35,""
MainQuestions36,"C"
MainQuestions37,""
MainQuestions38,""
MainQuestions39,"C"
MainQuestions40,""
MainQuestions40,"D"
MainQuestions41,""
MainQuestions42,""
MainQuestions43,"B"
MainQuestions44,""
MainQuestions45,""
MainQuestions46,"C"
MainQuestions47,""
MainQuestions48,""
MainQuestions49,""
MainQuestions50,"B"
MainQuestions51,""
MainQuestions52,""
MainQuestions53,""
MainQuestions54,""
MainQuestions55,""
MainQuestions56,""
MainQuestions57,""
MainQuestions58,"B"
MainQuestions59,""
MainQuestions60,""
MainQuestions61,""
MainQuestions62,"C"
MainQuestions63,""
MainQuestions64,"A"
MainQuestions65,""
MainQuestions66,"C"
MainQuestions67,""
MainQuestions68,""
MainQuestions69,"C"
MainQuestions70,""
MainQuestions71,""
MainQuestions72,"C"
MainQuestions73,""
MainQuestions74,"B"
MainQuestions75,""
MainQuestions76,""
MainQuestions77,""
MainQuestions78,""
MainQuestions79,""
MainQuestions80,""
MainQuestions81,""
MainQuestions82,"C"
MainQuestions83,""
MainQuestions84,""
MainQuestions85,""
MainQuestions86,""
MainQuestions87,"A"
MainQuestions88,"B"
MainQuestions89,""
MainQuestions90,""
MainQuestions91,"B"
MainQuestions92,""
MainQuestions93,"C"
MainQuestions94,""
MainQuestions95,"C"
MainQuestions96,""
MainQuestions97,""
MainQuestions98,""
MainQuestions99,"B"
MainQuestions100,""
MainQuestions101,""
MainQuestions102,""
MainQuestions103,""
MainQuestions104,""
MainQuestions105,""
MainQuestions106,""
MainQuestions107,"B"
MainQuestions108,""
MainQuestions109,""
MainQuestions110,""
MainQuestions111,"B"
MainQuestions112,""
MainQuestions113,"C"
MainQuestions114,""
MainQuestions115,""
MainQuestions116,"B"
MainQuestions117,""
MainQuestions118,""
MainQuestions119,"B"
StudentId,"1314"
test_id,"154789770"
