{
    "children": [{
            "children": [{
                    "align": "Center",
                    "name": "logo.jpg",
                    "x": 300,
                    "y": 180,
                    "height": 200,
                    "width": 200,
                    "element_type": "Image"
                }, {
                    "name": "Aspose Regional Hospital",
                    "font_style": "Bold",
                    "align": "Left",
                    "element_type": "Text"
                }, {
                    "height": 50,
                    "element_type": "EmptyLine"
                }, {
                    "name": "breakfast_header",
                    "children": [{
                            "name": "main",
                            "children": [{
                                    "name": "Breakfast",
                                    "font_style": [
                                        "Bold",
                                        "Italic"
                                    ],
                                    "font_size": 18,
                                    "align": "Center",
                                    "element_type": "Content"
                                }, {
                                    "height": 75,
                                    "element_type": "EmptyLine"
                                }
                            ],
                            "column": 1,
                            "border": "Rounded",
                            "element_type": "Block"
                        }
                    ],
                    "columns_count": 1,
                    "container_type": "Normal",
                    "element_type": "Container"
                }, {
                    "name": "breakfast_content",
                    "children": [{
                            "children": [{
                                    "name": "Juices",
                                    "font_style": "Bold",
                                    "font_size": 12,
                                    "align": "Center",
                                    "element_type": "Content"
                                }, {
                                    "name": "Juices",
                                    "children": [{
                                            "name": "Orange",
                                            "children": [{
                                                    "name": "Orange",
                                                    "align": "Left",
                                                    "element_type": "Content"
                                                }
                                            ],
                                            "bubble_type": "Round",
                                            "element_type": "Answer"
                                        }, {
                                            "name": "Apple",
                                            "children": [{
                                                    "name": "Apple",
                                                    "align": "Left",
                                                    "element_type": "Content"
                                                }
                                            ],
                                            "bubble_type": "Round",
                                            "element_type": "Answer"
                                        }, {
                                            "name": "Cranberry",
                                            "children": [{
                                                    "name": "Cranberry",
                                                    "align": "Left",
                                                    "element_type": "Content"
                                                }
                                            ],
                                            "bubble_type": "Round",
                                            "element_type": "Answer"
                                        }, {
                                            "name": "Prune",
                                            "children": [{
                                                    "name": "Prune",
                                                    "align": "Left",
                                                    "element_type": "Content"
                                                }
                                            ],
                                            "bubble_type": "Round",
                                            "element_type": "Answer"
                                        }
                                    ],
                                    "element_type": "VerticalChoiceBox",
                                    "top_padding": 0
                                }
                            ],
                            "column": 1,
                            "element_type": "Block"
                        }, {
                            "children": [{
                                    "name": "Fruits",
                                    "font_style": "Bold",
                                    "font_size": 12,
                                    "align": "Center",
                                    "element_type": "Content"
                                }, {
                                    "name": "Fruits",
                                    "children": [{
                                            "name": "Banana",
                                            "children": [{
                                                    "name": "Banana",
                                                    "align": "Left",
                                                    "element_type": "Content"
                                                }
                                            ],
                                            "bubble_type": "Round",
                                            "element_type": "Answer"
                                        }, {
                                            "name": "Apple",
                                            "children": [{
                                                    "name": "Apple",
                                                    "align": "Left",
                                                    "element_type": "Content"
                                                }
                                            ],
                                            "bubble_type": "Round",
                                            "element_type": "Answer"
                                        }, {
                                            "name": "Orange",
                                            "children": [{
                                                    "name": "Orange",
                                                    "align": "Left",
                                                    "element_type": "Content"
                                                }
                                            ],
                                            "bubble_type": "Round",
                                            "element_type": "Answer"
                                        }, {
                                            "name": "Fruit Yogurt",
                                            "children": [{
                                                    "name": "Fruit Yogurt",
                                                    "align": "Left",
                                                    "element_type": "Content"
                                                }
                                            ],
                                            "bubble_type": "Round",
                                            "element_type": "Answer"
                                        }
                                    ],
                                    "element_type": "VerticalChoiceBox",
                                    "top_padding": 0
                                }
                            ],
                            "column": 2,
                            "element_type": "Block"
                        }, {
                            "children": [{
                                    "name": "Bakery",
                                    "font_style": "Bold",
                                    "font_size": 12,
                                    "align": "Center",
                                    "element_type": "Content"
                                }, {
                                    "name": "Bakery",
                                    "children": [{
                                            "name": "Banana Bread",
                                            "children": [{
                                                    "name": "Banana Bread",
                                                    "align": "Left",
                                                    "element_type": "Content"
                                                }
                                            ],
                                            "bubble_type": "Round",
                                            "element_type": "Answer"
                                        }, {
                                            "name": "Bran Muffin",
                                            "children": [{
                                                    "name": "Bran Muffin",
                                                    "align": "Left",
                                                    "element_type": "Content"
                                                }
                                            ],
                                            "bubble_type": "Round",
                                            "element_type": "Answer"
                                        }, {
                                            "name": "Bagel",
                                            "children": [{
                                                    "name": "Bagel",
                                                    "align": "Left",
                                                    "element_type": "Content"
                                                }
                                            ],
                                            "bubble_type": "Round",
                                            "element_type": "Answer"
                                        }, {
                                            "name": "Cinnamon Roll",
                                            "children": [{
                                                    "name": "Cinnamon Roll",
                                                    "align": "Left",
                                                    "element_type": "Content"
                                                }
                                            ],
                                            "bubble_type": "Round",
                                            "element_type": "Answer"
                                        }
                                    ],
                                    "element_type": "VerticalChoiceBox",
                                    "top_padding": 0
                                }
                            ],
                            "column": 3,
                            "element_type": "Block"
                        }, {
                            "children": [{
                                    "name": "Condiments",
                                    "font_style": "Bold",
                                    "font_size": 12,
                                    "align": "Center",
                                    "element_type": "Content"
                                }, {
                                    "name": "Condiments",
                                    "children": [{
                                            "name": "Lemon",
                                            "children": [{
                                                    "name": "Lemon",
                                                    "align": "Left",
                                                    "element_type": "Content"
                                                }
                                            ],
                                            "bubble_type": "Round",
                                            "element_type": "Answer"
                                        }, {
                                            "name": "Sugar",
                                            "children": [{
                                                    "name": "Sugar",
                                                    "align": "Left",
                                                    "element_type": "Content"
                                                }
                                            ],
                                            "bubble_type": "Round",
                                            "element_type": "Answer"
                                        }, {
                                            "name": "Honey",
                                            "children": [{
                                                    "name": "Honey",
                                                    "align": "Left",
                                                    "element_type": "Content"
                                                }
                                            ],
                                            "bubble_type": "Round",
                                            "element_type": "Answer"
                                        }, {
                                            "name": "Jelly",
                                            "children": [{
                                                    "name": "Jelly",
                                                    "align": "Left",
                                                    "element_type": "Content"
                                                }
                                            ],
                                            "bubble_type": "Round",
                                            "element_type": "Answer"
                                        }
                                    ],
                                    "element_type": "VerticalChoiceBox",
                                    "top_padding": 0
                                }
                            ],
                            "column": 4,
                            "element_type": "Block"
                        }, {
                            "children": [{
                                    "name": "Milk",
                                    "font_style": "Bold",
                                    "font_size": 12,
                                    "align": "Center",
                                    "element_type": "Content"
                                }, {
                                    "name": "Milk",
                                    "children": [{
                                            "name": "2% Milk",
                                            "children": [{
                                                    "name": "2% Milk",
                                                    "align": "Left",
                                                    "element_type": "Content"
                                                }
                                            ],
                                            "bubble_type": "Round",
                                            "element_type": "Answer"
                                        }, {
                                            "name": "NonFat Milk",
                                            "children": [{
                                                    "name": "NonFat Milk",
                                                    "align": "Left",
                                                    "element_type": "Content"
                                                }
                                            ],
                                            "bubble_type": "Round",
                                            "element_type": "Answer"
                                        }, {
                                            "name": "Whole Milk",
                                            "children": [{
                                                    "name": "Whole Milk",
                                                    "align": "Left",
                                                    "element_type": "Content"
                                                }
                                            ],
                                            "bubble_type": "Round",
                                            "element_type": "Answer"
                                        }
                                    ],
                                    "element_type": "VerticalChoiceBox",
                                    "top_padding": 0
                                }
                            ],
                            "column": 1,
                            "element_type": "Block"
                        }, {
                            "children": [{
                                    "name": "Tea",
                                    "font_style": "Bold",
                                    "font_size": 12,
                                    "align": "Center",
                                    "element_type": "Content"
                                }, {
                                    "name": "Tea",
                                    "children": [{
                                            "name": "Decaf",
                                            "children": [{
                                                    "name": "Decaf",
                                                    "align": "Left",
                                                    "element_type": "Content"
                                                }
                                            ],
                                            "bubble_type": "Round",
                                            "element_type": "Answer"
                                        }, {
                                            "name": "Regular",
                                            "children": [{
                                                    "name": "Regular",
                                                    "align": "Left",
                                                    "element_type": "Content"
                                                }
                                            ],
                                            "bubble_type": "Round",
                                            "element_type": "Answer"
                                        }, {
                                            "name": "Iced",
                                            "children": [{
                                                    "name": "Iced",
                                                    "align": "Left",
                                                    "element_type": "Content"
                                                }
                                            ],
                                            "bubble_type": "Round",
                                            "element_type": "Answer"
                                        }
                                    ],
                                    "element_type": "VerticalChoiceBox",
                                    "top_padding": 0
                                }
                            ],
                            "column": 2,
                            "element_type": "Block"
                        }, {
                            "children": [{
                                    "name": "Coffee",
                                    "font_style": "Bold",
                                    "font_size": 12,
                                    "align": "Center",
                                    "element_type": "Content"
                                }, {
                                    "name": "Coffee",
                                    "children": [{
                                            "name": "Decaf",
                                            "children": [{
                                                    "name": "Decaf",
                                                    "align": "Left",
                                                    "element_type": "Content"
                                                }
                                            ],
                                            "bubble_type": "Round",
                                            "element_type": "Answer"
                                        }, {
                                            "name": "Regular",
                                            "children": [{
                                                    "name": "Regular",
                                                    "align": "Left",
                                                    "element_type": "Content"
                                                }
                                            ],
                                            "bubble_type": "Round",
                                            "element_type": "Answer"
                                        }, {
                                            "name": "Iced",
                                            "children": [{
                                                    "name": "Iced",
                                                    "align": "Left",
                                                    "element_type": "Content"
                                                }
                                            ],
                                            "bubble_type": "Round",
                                            "element_type": "Answer"
                                        }
                                    ],
                                    "element_type": "VerticalChoiceBox",
                                    "top_padding": 0
                                }
                            ],
                            "column": 3,
                            "element_type": "Block"
                        }, {
                            "children": [{
                                    "name": "Hot Chocolate",
                                    "font_style": "Bold",
                                    "font_size": 12,
                                    "align": "Center",
                                    "element_type": "Content"
                                }, {
                                    "name": "Hot Chocolate",
                                    "children": [{
                                            "name": "Sugar-free",
                                            "children": [{
                                                    "name": "Sugar-free",
                                                    "align": "Left",
                                                    "element_type": "Content"
                                                }
                                            ],
                                            "bubble_type": "Round",
                                            "element_type": "Answer"
                                        }, {
                                            "name": "Regular",
                                            "children": [{
                                                    "name": "Regular",
                                                    "align": "Left",
                                                    "element_type": "Content"
                                                }
                                            ],
                                            "bubble_type": "Round",
                                            "element_type": "Answer"
                                        }, {
                                            "name": "Mocha Mix",
                                            "children": [{
                                                    "name": "Mocha Mix",
                                                    "align": "Left",
                                                    "element_type": "Content"
                                                }
                                            ],
                                            "bubble_type": "Round",
                                            "element_type": "Answer"
                                        }
                                    ],
                                    "element_type": "VerticalChoiceBox",
                                    "top_padding": 0
                                }
                            ],
                            "column": 4,
                            "element_type": "Block"
                        }
                    ],
                    "columns_count": 4,
                    "container_type": "Normal",
                    "element_type": "Container"
                }, {
                    "name": "specials",
                    "children": [{
                            "children": [{
                                    "name": "Daily Specials",
                                    "font_style": [
                                        "Bold",
                                        "Italic"
                                    ],
                                    "font_size": 12,
                                    "align": "Center",
                                    "element_type": "Content"
                                }, {
                                    "height": 25,
                                    "element_type": "EmptyLine"
                                }, {
                                    "name": "Soup of the Day: Creamy Cheddar Cheese Soup. Entrée of the Day: Steak",
                                    "align": "Center",
                                    "element_type": "Content"
                                }
                            ],
                            "column": 1,
                            "border": "Rounded",
                            "element_type": "Block"
                        }
                    ],
                    "columns_count": 1,
                    "container_type": "Normal",
                    "element_type": "Container"
                }, {
                    "name": "lunch_header",
                    "children": [{
                            "children": [{
                                    "name": "Lunch",
                                    "font_style": [
                                        "Bold",
                                        "Italic"
                                    ],
                                    "font_size": 18,
                                    "align": "Center",
                                    "element_type": "Content"
                                }, {
                                    "height": 75,
                                    "element_type": "EmptyLine"
                                }
                            ],
                            "column": 1,
                            "border": "Rounded",
                            "element_type": "Block"
                        }
                    ],
                    "columns_count": 1,
                    "container_type": "Normal",
                    "element_type": "Container"
                }, {
                    "name": "lunch_content",
                    "children": [{
                            "children": [{
                                    "name": "Soup",
                                    "font_style": "Bold",
                                    "font_size": 12,
                                    "align": "Center",
                                    "element_type": "Content"
                                }, {
                                    "name": "Soup",
                                    "children": [{
                                            "name": "Soup of the Day",
                                            "children": [{
                                                    "name": "Soup of the Day",
                                                    "align": "Left",
                                                    "element_type": "Content"
                                                }
                                            ],
                                            "bubble_type": "Round",
                                            "element_type": "Answer"
                                        }, {
                                            "name": "Chicken Noodle",
                                            "children": [{
                                                    "name": "Chicken Noodle",
                                                    "align": "Left",
                                                    "element_type": "Content"
                                                }
                                            ],
                                            "bubble_type": "Round",
                                            "element_type": "Answer"
                                        }, {
                                            "name": "Beef Broth",
                                            "children": [{
                                                    "name": "Beef Broth",
                                                    "align": "Left",
                                                    "element_type": "Content"
                                                }
                                            ],
                                            "bubble_type": "Round",
                                            "element_type": "Answer"
                                        }
                                    ],
                                    "element_type": "VerticalChoiceBox",
                                    "top_padding": 0
                                }
                            ],
                            "column": 1,
                            "element_type": "Block"
                        }, {
                            "children": [{
                                    "name": "Bakery",
                                    "font_style": "Bold",
                                    "font_size": 12,
                                    "align": "Center",
                                    "element_type": "Content"
                                }, {
                                    "name": "Bakery",
                                    "children": [{
                                            "name": "White Roll",
                                            "children": [{
                                                    "name": "White Roll",
                                                    "align": "Left",
                                                    "element_type": "Content"
                                                }
                                            ],
                                            "bubble_type": "Round",
                                            "element_type": "Answer"
                                        }, {
                                            "name": "Wheat Roll",
                                            "children": [{
                                                    "name": "Wheat Roll",
                                                    "align": "Left",
                                                    "element_type": "Content"
                                                }
                                            ],
                                            "bubble_type": "Round",
                                            "element_type": "Answer"
                                        }, {
                                            "name": "Melba Toast",
                                            "children": [{
                                                    "name": "Melba Toast",
                                                    "align": "Left",
                                                    "element_type": "Content"
                                                }
                                            ],
                                            "bubble_type": "Round",
                                            "element_type": "Answer"
                                        }, {
                                            "name": "Flour Tortilla",
                                            "children": [{
                                                    "name": "Flour Tortilla",
                                                    "align": "Left",
                                                    "element_type": "Content"
                                                }
                                            ],
                                            "bubble_type": "Round",
                                            "element_type": "Answer"
                                        }
                                    ],
                                    "element_type": "VerticalChoiceBox",
                                    "top_padding": 0
                                }
                            ],
                            "column": 2,
                            "element_type": "Block"
                        }, {
                            "children": [{
                                    "name": "Salads",
                                    "font_style": "Bold",
                                    "font_size": 12,
                                    "align": "Center",
                                    "element_type": "Content"
                                }, {
                                    "name": "Salads",
                                    "children": [{
                                            "name": "Garden Patch Greens",
                                            "children": [{
                                                    "name": "Garden Patch Greens",
                                                    "align": "Left",
                                                    "element_type": "Content"
                                                }
                                            ],
                                            "bubble_type": "Round",
                                            "element_type": "Answer"
                                        }, {
                                            "name": "Gelatin Fruit Salad",
                                            "children": [{
                                                    "name": "Gelatin Fruit Salad",
                                                    "align": "Left",
                                                    "element_type": "Content"
                                                }
                                            ],
                                            "bubble_type": "Round",
                                            "element_type": "Answer"
                                        }, {
                                            "name": "Fruit Yogurt",
                                            "children": [{
                                                    "name": "Fruit Yogurt",
                                                    "align": "Left",
                                                    "element_type": "Content"
                                                }
                                            ],
                                            "bubble_type": "Round",
                                            "element_type": "Answer"
                                        }
                                    ],
                                    "element_type": "VerticalChoiceBox",
                                    "top_padding": 0
                                }
                            ],
                            "column": 3,
                            "element_type": "Block"
                        }, {
                            "children": [{
                                    "name": "Condiments",
                                    "font_style": "Bold",
                                    "font_size": 12,
                                    "align": "Center",
                                    "element_type": "Content"
                                }, {
                                    "name": "Condiments",
                                    "children": [{
                                            "name": "Non-Dairy Creamer",
                                            "children": [{
                                                    "name": "Non-Dairy Creamer",
                                                    "align": "Left",
                                                    "element_type": "Content"
                                                }
                                            ],
                                            "bubble_type": "Round",
                                            "element_type": "Answer"
                                        }, {
                                            "name": "Thousand Island",
                                            "children": [{
                                                    "name": "Thousand Island",
                                                    "align": "Left",
                                                    "element_type": "Content"
                                                }
                                            ],
                                            "bubble_type": "Round",
                                            "element_type": "Answer"
                                        }, {
                                            "name": "Honey",
                                            "children": [{
                                                    "name": "Honey",
                                                    "align": "Left",
                                                    "element_type": "Content"
                                                }
                                            ],
                                            "bubble_type": "Round",
                                            "element_type": "Answer"
                                        }
                                    ],
                                    "element_type": "VerticalChoiceBox",
                                    "top_padding": 0
                                }
                            ],
                            "column": 4,
                            "element_type": "Block"
                        }
                    ],
                    "columns_count": 4,
                    "container_type": "Normal",
                    "element_type": "Container"
                }, {
                    "name": "Entrées",
                    "font_style": "Bold",
                    "font_size": 12,
                    "align": "Center",
                    "element_type": "Text"
                }, {
                    "name": "Entrées",
                    "children": [{
                            "children": [{
                                    "name": "Entrées",
                                    "children": [{
                                            "name": "Roast Beef Sandwich",
                                            "children": [{
                                                    "name": "Roast Beef Sandwich",
                                                    "align": "Left",
                                                    "element_type": "Content"
                                                }
                                            ],
                                            "bubble_type": "Round",
                                            "element_type": "Answer"
                                        }, {
                                            "name": "3 Cheese Sandwich",
                                            "children": [{
                                                    "name": "3 Cheese Sandwich",
                                                    "align": "Left",
                                                    "element_type": "Content"
                                                }
                                            ],
                                            "bubble_type": "Round",
                                            "element_type": "Answer"
                                        }, {
                                            "name": "Egg Salad Sandwich",
                                            "children": [{
                                                    "name": "Egg Salad Sandwich",
                                                    "align": "Left",
                                                    "element_type": "Content"
                                                }
                                            ],
                                            "bubble_type": "Round",
                                            "element_type": "Answer"
                                        }
                                    ],
                                    "element_type": "VerticalChoiceBox",
                                    "top_padding": 0
                                }
                            ],
                            "column": 1,
                            "element_type": "Block"
                        }, {
                            "children": [{
                                    "name": "Entrées",
                                    "children": [{
                                            "name": "Fiesta Fruit Plate",
                                            "children": [{
                                                    "name": "Fiesta Fruit Plate",
                                                    "align": "Left",
                                                    "element_type": "Content"
                                                }
                                            ],
                                            "bubble_type": "Round",
                                            "element_type": "Answer"
                                        }, {
                                            "name": "Cold Meat Platter with White Roll",
                                            "children": [{
                                                    "name": "Cold Meat Platter with White Roll",
                                                    "align": "Left",
                                                    "element_type": "Content"
                                                }
                                            ],
                                            "bubble_type": "Round",
                                            "element_type": "Answer"
                                        }, {
                                            "name": "Vegetable & Cream Cheese Wrap",
                                            "children": [{
                                                    "name": "Vegetable & Cream Cheese Wrap",
                                                    "align": "Left",
                                                    "element_type": "Content"
                                                }
                                            ],
                                            "bubble_type": "Round",
                                            "element_type": "Answer"
                                        }
                                    ],
                                    "element_type": "VerticalChoiceBox",
                                    "top_padding": 0
                                }
                            ],
                            "column": 2,
                            "element_type": "Block"
                        }, {
                            "children": [{
                                    "name": "Entrées",
                                    "children": [{
                                            "name": "Baked Chicken w/ Stuffing",
                                            "children": [{
                                                    "name": "Baked Chicken w/ Stuffing",
                                                    "align": "Left",
                                                    "element_type": "Content"
                                                }
                                            ],
                                            "bubble_type": "Round",
                                            "element_type": "Answer"
                                        }, {
                                            "name": "Oriental Beef",
                                            "children": [{
                                                    "name": "Oriental Beef",
                                                    "align": "Left",
                                                    "element_type": "Content"
                                                }
                                            ],
                                            "bubble_type": "Round",
                                            "element_type": "Answer"
                                        }, {
                                            "name": "Garden Vegetable Lasagna",
                                            "children": [{
                                                    "name": "Garden Vegetable Lasagna",
                                                    "align": "Left",
                                                    "element_type": "Content"
                                                }
                                            ],
                                            "bubble_type": "Round",
                                            "element_type": "Answer"
                                        }
                                    ],
                                    "element_type": "VerticalChoiceBox",
                                    "top_padding": 0
                                }
                            ],
                            "column": 3,
                            "element_type": "Block"
                        }
                    ],
                    "columns_count": 3,
                    "container_type": "Normal",
                    "element_type": "Container"
                }, {
                    "name": "Dessert",
                    "font_style": "Bold",
                    "font_size": 12,
                    "align": "Center",
                    "element_type": "Text"
                }, {
                    "name": "Deserts",
                    "children": [{
                            "children": [{
                                    "name": "Dessert",
                                    "children": [{
                                            "name": "Gelatin",
                                            "children": [{
                                                    "name": "Gelatin",
                                                    "align": "Left",
                                                    "element_type": "Content"
                                                }
                                            ],
                                            "bubble_type": "Round",
                                            "element_type": "Answer"
                                        }
                                    ],
                                    "element_type": "VerticalChoiceBox",
                                    "top_padding": 0
                                }
                            ],
                            "column": 1,
                            "element_type": "Block"
                        }, {
                            "children": [{
                                    "name": "Dessert",
                                    "children": [{
                                            "name": "Peaches",
                                            "children": [{
                                                    "name": "Peaches",
                                                    "align": "Left",
                                                    "element_type": "Content"
                                                }
                                            ],
                                            "bubble_type": "Round",
                                            "element_type": "Answer"
                                        }
                                    ],
                                    "element_type": "VerticalChoiceBox",
                                    "top_padding": 0
                                }
                            ],
                            "column": 2,
                            "element_type": "Block"
                        }, {
                            "children": [{
                                    "name": "Dessert",
                                    "children": [{
                                            "name": "Custard",
                                            "children": [{
                                                    "name": "Custard",
                                                    "align": "Left",
                                                    "element_type": "Content"
                                                }
                                            ],
                                            "bubble_type": "Round",
                                            "element_type": "Answer"
                                        }
                                    ],
                                    "element_type": "VerticalChoiceBox",
                                    "top_padding": 0
                                }
                            ],
                            "column": 3,
                            "element_type": "Block"
                        }, {
                            "children": [{
                                    "name": "Dessert",
                                    "children": [{
                                            "name": "Sherbet",
                                            "children": [{
                                                    "name": "Sherbet",
                                                    "align": "Left",
                                                    "element_type": "Content"
                                                }
                                            ],
                                            "bubble_type": "Round",
                                            "element_type": "Answer"
                                        }
                                    ],
                                    "element_type": "VerticalChoiceBox",
                                    "top_padding": 0
                                }
                            ],
                            "column": 4,
                            "element_type": "Block"
                        }, {
                            "children": [{
                                    "name": "Dessert",
                                    "children": [{
                                            "name": "Angel Food",
                                            "children": [{
                                                    "name": "Angel Food",
                                                    "align": "Left",
                                                    "element_type": "Content"
                                                }
                                            ],
                                            "bubble_type": "Round",
                                            "element_type": "Answer"
                                        }
                                    ],
                                    "element_type": "VerticalChoiceBox",
                                    "top_padding": 0
                                }
                            ],
                            "column": 5,
                            "element_type": "Block"
                        }
                    ],
                    "columns_count": 5,
                    "container_type": "Normal",
                    "element_type": "Container"
                }, {
                    "name": "drinks",
                    "children": [{
                            "children": [{
                                    "name": "Milk",
                                    "font_style": "Bold",
                                    "font_size": 12,
                                    "align": "Center",
                                    "element_type": "Content"
                                }, {
                                    "name": "Milk",
                                    "children": [{
                                            "name": "2% Milk",
                                            "children": [{
                                                    "name": "2% Milk",
                                                    "align": "Left",
                                                    "element_type": "Content"
                                                }
                                            ],
                                            "bubble_type": "Round",
                                            "element_type": "Answer"
                                        }, {
                                            "name": "NonFat Milk",
                                            "children": [{
                                                    "name": "NonFat Milk",
                                                    "align": "Left",
                                                    "element_type": "Content"
                                                }
                                            ],
                                            "bubble_type": "Round",
                                            "element_type": "Answer"
                                        }, {
                                            "name": "Whole Milk",
                                            "children": [{
                                                    "name": "Whole Milk",
                                                    "align": "Left",
                                                    "element_type": "Content"
                                                }
                                            ],
                                            "bubble_type": "Round",
                                            "element_type": "Answer"
                                        }
                                    ],
                                    "element_type": "VerticalChoiceBox",
                                    "top_padding": 0
                                }
                            ],
                            "column": 1,
                            "element_type": "Block"
                        }, {
                            "children": [{
                                    "name": "Tea",
                                    "font_style": "Bold",
                                    "font_size": 12,
                                    "align": "Center",
                                    "element_type": "Content"
                                }, {
                                    "name": "Condiments",
                                    "children": [{
                                            "name": "Decaf",
                                            "children": [{
                                                    "name": "Decaf",
                                                    "align": "Left",
                                                    "element_type": "Content"
                                                }
                                            ],
                                            "bubble_type": "Round",
                                            "element_type": "Answer"
                                        }, {
                                            "name": "Regular",
                                            "children": [{
                                                    "name": "Regular",
                                                    "align": "Left",
                                                    "element_type": "Content"
                                                }
                                            ],
                                            "bubble_type": "Round",
                                            "element_type": "Answer"
                                        }, {
                                            "name": "Iced",
                                            "children": [{
                                                    "name": "Iced",
                                                    "align": "Left",
                                                    "element_type": "Content"
                                                }
                                            ],
                                            "bubble_type": "Round",
                                            "element_type": "Answer"
                                        }
                                    ],
                                    "element_type": "VerticalChoiceBox",
                                    "top_padding": 0
                                }
                            ],
                            "column": 2,
                            "element_type": "Block"
                        }, {
                            "children": [{
                                    "name": "Coffee",
                                    "font_style": "Bold",
                                    "font_size": 12,
                                    "align": "Center",
                                    "element_type": "Content"
                                }, {
                                    "name": "Condiments",
                                    "children": [{
                                            "name": "Decaf",
                                            "children": [{
                                                    "name": "Decaf",
                                                    "align": "Left",
                                                    "element_type": "Content"
                                                }
                                            ],
                                            "bubble_type": "Round",
                                            "element_type": "Answer"
                                        }, {
                                            "name": "Regular",
                                            "children": [{
                                                    "name": "Regular",
                                                    "align": "Left",
                                                    "element_type": "Content"
                                                }
                                            ],
                                            "bubble_type": "Round",
                                            "element_type": "Answer"
                                        }, {
                                            "name": "Iced",
                                            "children": [{
                                                    "name": "Iced",
                                                    "align": "Left",
                                                    "element_type": "Content"
                                                }
                                            ],
                                            "bubble_type": "Round",
                                            "element_type": "Answer"
                                        }
                                    ],
                                    "element_type": "VerticalChoiceBox",
                                    "top_padding": 0
                                }
                            ],
                            "column": 3,
                            "element_type": "Block"
                        }, {
                            "children": [{
                                    "name": "Hot Chocolate",
                                    "font_style": "Bold",
                                    "font_size": 12,
                                    "align": "Center",
                                    "element_type": "Content"
                                }, {
                                    "name": "Condiments",
                                    "children": [{
                                            "name": "Sugar-free",
                                            "children": [{
                                                    "name": "Sugar-free",
                                                    "align": "Left",
                                                    "element_type": "Content"
                                                }
                                            ],
                                            "bubble_type": "Round",
                                            "element_type": "Answer"
                                        }, {
                                            "name": "Regular",
                                            "children": [{
                                                    "name": "Regular",
                                                    "align": "Left",
                                                    "element_type": "Content"
                                                }
                                            ],
                                            "bubble_type": "Round",
                                            "element_type": "Answer"
                                        }, {
                                            "name": "Mocha Mix",
                                            "children": [{
                                                    "name": "Mocha Mix",
                                                    "align": "Left",
                                                    "element_type": "Content"
                                                }
                                            ],
                                            "bubble_type": "Round",
                                            "element_type": "Answer"
                                        }
                                    ],
                                    "element_type": "VerticalChoiceBox",
                                    "top_padding": 0
                                }
                            ],
                            "column": 4,
                            "element_type": "Block"
                        }
                    ],
                    "columns_count": 4,
                    "container_type": "Normal",
                    "element_type": "Container"
                }, {
                    "name": "RoomId",
                    "value": "578",
                    "barcode_type": "code128",
                    "align": "Center",
                    "codetext": true,
                    "element_type": "Barcode"
                }
            ],
            "element_type": "Page"
        }
    ],
    "element_type": "Template"
}
