{
    "children": [{
            "children": [{
                    "name": "main",
                    "children": [{
                            "name": "left-header",
                            "children": [{
                                    "children": [{
                                            "align": "Center",
                                            "name": "logo.jpg",
                                            "height": 200,
                                            "width": 200,
                                            "element_type": "Image"
                                        }, {
                                            "height": 200,
                                            "element_type": "EmptyLine"
                                        }, {
                                            "name": "Aspose Board",
                                            "font_style": "Bold",
                                            "font_size": 18,
                                            "align": "Center",
                                            "element_type": "Content"
                                        }, {
                                            "height": 10,
                                            "element_type": "EmptyLine"
                                        }, {
                                            "name": "of education",
                                            "font_style": "Bold",
                                            "font_size": 18,
                                            "align": "Center",
                                            "element_type": "Content"
                                        }, {
                                            "name": "100",
                                            "height": 100,
                                            "element_type": "EmptyLine"
                                        }, {
                                            "name": "Personalized Test",
                                            "font_style": "Bold",
                                            "font_size": 12,
                                            "align": "Center",
                                            "element_type": "Content"
                                        }, {
                                            "name": "100",
                                            "height": 50,
                                            "element_type": "EmptyLine"
                                        }
                                    ],
                                    "paragraph_type": "Normal",
                                    "element_type": "Paragraph"
                                }
                            ],
                            "column": 1,
                            "element_type": "Block"
                        }, {
                            "name": "left-header",
                            "children": [{
                                    "name": "Personal Info",
                                    "font_style": [
                                        "Bold",
                                        "Italic"
                                    ],
                                    "font_size": 10,
                                    "align": "Center",
                                    "element_type": "Content"
                                }, {
                                    "name": "50",
                                    "height": 30,
                                    "element_type": "EmptyLine"
                                }
                            ],
                            "column": 1,
                            "element_type": "Block"
                        }, {
                            "name": "left-header-description",
                            "children": [{
                                    "name": "Please check your name and school. Make sure it is your personal information. Make sure spelling is correct.",
                                    "font_style": "Italic",
                                    "font_size": 6,
                                    "align": "Right",
                                    "element_type": "Content"
                                }
                            ],
                            "column": 1,
                            "element_type": "Block"
                        }, {
                            "name": "left-content",
                            "children": [{
                                    "height": 50,
                                    "element_type": "EmptyLine"
                                }, {
                                    "name": "first_name",
                                    "element_type": "InputGroup",
                                    "children": [{
                                            "name": "First name",
                                            "align": "Left",
                                            "element_type": "Content"
                                        }, {
                                            "name": "John",
                                            "align": "Center",
                                            "element_type": "Content"
                                        }
                                    ],
                                    "label_border": "Rounded",
                                    "input_border": "Rounded",
                                    "border_color": "Red"
                                }, {
                                    "name": "middle_name",
                                    "element_type": "InputGroup",
                                    "children": [{
                                            "name": "Middle name",
                                            "align": "Left",
                                            "element_type": "Content"
                                        }, {
                                            "name": "Gavin",
                                            "align": "Center",
                                            "element_type": "Content"
                                        }
                                    ],
                                    "label_border": "Rounded",
                                    "input_border": "Rounded",
                                    "border_color": "Red"
                                }, {
                                    "name": "last_name",
                                    "element_type": "InputGroup",
                                    "children": [{
                                            "name": "Last name",
                                            "align": "Left",
                                            "element_type": "Content"
                                        }, {
                                            "name": "Malkovich ",
                                            "align": "Center",
                                            "element_type": "Content"
                                        }
                                    ],
                                    "label_border": "Rounded",
                                    "input_border": "Rounded",
                                    "border_color": "Red"
                                }, {
                                    "name": "school",
                                    "element_type": "InputGroup",
                                    "children": [{
                                            "name": "School",
                                            "align": "Left",
                                            "element_type": "Content"
                                        }, {
                                            "name": "Aspose High School",
                                            "align": "Center",
                                            "element_type": "Content"
                                        }
                                    ],
                                    "label_border": "Rounded",
                                    "input_border": "Rounded",
                                    "border_color": "Red"
                                }
                            ],
                            "column": 1,
                            "is_clipped": true,
                            "element_type": "Block"
                        }, {
                            "name": "left_space",
                            "children": [{
                                    "height": 100,
                                    "element_type": "EmptyLine"
                                }
                            ],
                            "column": 1,
                            "element_type": "Block"
                        }, {
                            "name": "left_section_1_header",
                            "children": [{
                                    "name": "Section 1",
                                    "font_style": [
                                        "Bold",
                                        "Italic"
                                    ],
                                    "font_size": 12,
                                    "align": "Center",
                                    "element_type": "Content"
                                }, {
                                    "name": "50",
                                    "height": 50,
                                    "element_type": "EmptyLine"
                                }
                            ],
                            "column": 1,
                            "element_type": "Block"
                        }, {
                            "name": "left_section_1_content",
                            "children": [{
                                    "name": "25",
                                    "height": 25,
                                    "element_type": "EmptyLine"
                                }, {
                                    "bubble_size": "undefined",
                                    "name": "SEC1.",
                                    "column": 1,
                                    "sections_count": 10,
                                    "options_count": 6,
                                    "align": "Right",
                                    "header_type": "Underline",
                                    "header_border_size": 3,
                                    "header_border_color": "Black",
                                    "orientation": "Horizontal",
                                    "element_type": "Grid"
                                }, {
                                    "name": "25",
                                    "height": 25,
                                    "element_type": "EmptyLine"
                                }
                            ],
                            "column": 1,
                            "border": "Rounded",
                            "border_color": "Red",
                            "element_type": "Block"
                        }, {
                            "name": "left_space",
                            "children": [{
                                    "height": 100,
                                    "element_type": "EmptyLine"
                                }
                            ],
                            "column": 1,
                            "element_type": "Block"
                        }, {
                            "name": "left_section_2_header",
                            "children": [{
                                    "name": "Section 2",
                                    "font_style": [
                                        "Bold",
                                        "Italic"
                                    ],
                                    "font_size": 12,
                                    "align": "Center",
                                    "element_type": "Content"
                                }, {
                                    "name": "50",
                                    "height": 50,
                                    "element_type": "EmptyLine"
                                }
                            ],
                            "column": 1,
                            "element_type": "Block"
                        }, {
                            "name": "left_section_2_content",
                            "children": [{
                                    "name": "25",
                                    "height": 25,
                                    "element_type": "EmptyLine"
                                }, {
                                    "bubble_size": "undefined",
                                    "name": "SEC2.",
                                    "column": 1,
                                    "sections_count": 10,
                                    "options_count": 6,
                                    "align": "Right",
                                    "header_type": "Underline",
                                    "header_border_size": 3,
                                    "header_border_color": "Black",
                                    "orientation": "Horizontal",
                                    "element_type": "Grid"
                                }, {
                                    "name": "25",
                                    "height": 25,
                                    "element_type": "EmptyLine"
                                }
                            ],
                            "column": 1,
                            "border": "Rounded",
                            "border_color": "Red",
                            "element_type": "Block"
                        }, {
                            "name": "left_footer",
                            "children": [{
                                    "name": "50",
                                    "height": 150,
                                    "element_type": "EmptyLine"
                                }, {
                                    "name": "test_id",
                                    "value": "15478977",
                                    "barcode_type": "code32",
                                    "align": "Center",
                                    "codetext": true,
                                    "element_type": "Barcode"
                                }
                            ],
                            "column": 1,
                            "element_type": "Block"
                        }, {
                            "name": "right-header",
                            "children": [{
                                    "children": [{
                                            "align": "Center",
                                            "name": "logo.jpg",
                                            "x": 1750,
                                            "y": 180,
                                            "height": 200,
                                            "width": 200,
                                            "element_type": "Image"
                                        }, {
                                            "height": 200,
                                            "element_type": "EmptyLine"
                                        }, {
                                            "name": "Aspose Board",
                                            "font_style": "Bold",
                                            "font_size": 18,
                                            "align": "Center",
                                            "element_type": "Content"
                                        }, {
                                            "height": 10,
                                            "element_type": "EmptyLine"
                                        }, {
                                            "name": "of education",
                                            "font_style": "Bold",
                                            "font_size": 18,
                                            "align": "Center",
                                            "element_type": "Content"
                                        }, {
                                            "name": "100",
                                            "height": 100,
                                            "element_type": "EmptyLine"
                                        }, {
                                            "name": "Personalized Test",
                                            "font_style": "Bold",
                                            "font_size": 12,
                                            "align": "Center",
                                            "element_type": "Content"
                                        }, {
                                            "name": "100",
                                            "height": 50,
                                            "element_type": "EmptyLine"
                                        }
                                    ],
                                    "paragraph_type": "Normal",
                                    "element_type": "Paragraph"
                                }
                            ],
                            "column": 3,
                            "element_type": "Block"
                        }, {
                            "name": "right-header",
                            "children": [{
                                    "name": "Personal Info",
                                    "font_style": [
                                        "Bold",
                                        "Italic"
                                    ],
                                    "font_size": 10,
                                    "align": "Center",
                                    "element_type": "Content"
                                }, {
                                    "name": "50",
                                    "height": 30,
                                    "element_type": "EmptyLine"
                                }
                            ],
                            "column": 3,
                            "element_type": "Block"
                        }, {
                            "name": "right-header-description",
                            "children": [{
                                    "name": "Please check your name and school. Make sure it is your personal information. Make sure spelling is correct.",
                                    "font_style": "Italic",
                                    "font_size": 6,
                                    "align": "Right",
                                    "element_type": "Content"
                                }
                            ],
                            "column": 3,
                            "element_type": "Block"
                        }, {
                            "name": "right-personal-content",
                            "children": [{
                                    "height": 50,
                                    "element_type": "EmptyLine"
                                }, {
                                    "name": "first_name",
                                    "element_type": "InputGroup",
                                    "children": [{
                                            "name": "First name",
                                            "align": "Left",
                                            "element_type": "Content"
                                        }, {
                                            "name": "Andrew",
                                            "align": "Center",
                                            "element_type": "Content"
                                        }
                                    ],
                                    "label_border": "Rounded",
                                    "input_border": "Rounded",
                                    "border_color": "Red"
                                }, {
                                    "name": "middle_name",
                                    "element_type": "InputGroup",
                                    "children": [{
                                            "name": "Middle name",
                                            "align": "Left",
                                            "element_type": "Content"
                                        }, {
                                            "name": "Willson",
                                            "align": "Center",
                                            "element_type": "Content"
                                        }
                                    ],
                                    "label_border": "Rounded",
                                    "input_border": "Rounded",
                                    "border_color": "Red"
                                }, {
                                    "name": "last_name",
                                    "element_type": "InputGroup",
                                    "children": [{
                                            "name": "Last name",
                                            "align": "Left",
                                            "element_type": "Content"
                                        }, {
                                            "name": "Smith ",
                                            "align": "Center",
                                            "element_type": "Content"
                                        }
                                    ],
                                    "label_border": "Rounded",
                                    "input_border": "Rounded",
                                    "border_color": "Red"
                                }, {
                                    "name": "school",
                                    "element_type": "InputGroup",
                                    "children": [{
                                            "name": "School",
                                            "align": "Left",
                                            "element_type": "Content"
                                        }, {
                                            "name": "Aspose High School",
                                            "align": "Center",
                                            "element_type": "Content"
                                        }
                                    ],
                                    "label_border": "Rounded",
                                    "input_border": "Rounded",
                                    "border_color": "Red"
                                }
                            ],
                            "column": 3,
                            "is_clipped": true,
                            "element_type": "Block"
                        }, {
                            "name": "right_space",
                            "children": [{
                                    "height": 100,
                                    "element_type": "EmptyLine"
                                }
                            ],
                            "column": 3,
                            "element_type": "Block"
                        }, {
                            "name": "right_section_1_header",
                            "children": [{
                                    "name": "Section 1",
                                    "font_style": [
                                        "Bold",
                                        "Italic"
                                    ],
                                    "font_size": 12,
                                    "align": "Center",
                                    "element_type": "Content"
                                }, {
                                    "name": "50",
                                    "height": 50,
                                    "element_type": "EmptyLine"
                                }
                            ],
                            "column": 3,
                            "element_type": "Block"
                        }, {
                            "name": "right_section_1_content",
                            "children": [{
                                    "name": "25",
                                    "height": 25,
                                    "element_type": "EmptyLine"
                                }, {
                                    "bubble_size": "undefined",
                                    "name": "SEC1.",
                                    "column": 3,
                                    "sections_count": 10,
                                    "options_count": 6,
                                    "align": "Right",
                                    "header_type": "Underline",
                                    "header_border_size": 3,
                                    "header_border_color": "Black",
                                    "orientation": "Horizontal",
                                    "element_type": "Grid"
                                }, {
                                    "name": "25",
                                    "height": 25,
                                    "element_type": "EmptyLine"
                                }
                            ],
                            "column": 3,
                            "border": "Rounded",
                            "border_color": "Red",
                            "element_type": "Block"
                        }, {
                            "name": "right_space",
                            "children": [{
                                    "height": 100,
                                    "element_type": "EmptyLine"
                                }
                            ],
                            "column": 3,
                            "element_type": "Block"
                        }, {
                            "name": "right_section_2_header",
                            "children": [{
                                    "name": "Section 2",
                                    "font_style": [
                                        "Bold",
                                        "Italic"
                                    ],
                                    "font_size": 12,
                                    "align": "Center",
                                    "element_type": "Content"
                                }, {
                                    "name": "50",
                                    "height": 50,
                                    "element_type": "EmptyLine"
                                }
                            ],
                            "column": 3,
                            "element_type": "Block"
                        }, {
                            "name": "right_section_2_content",
                            "children": [{
                                    "name": "25",
                                    "height": 25,
                                    "element_type": "EmptyLine"
                                }, {
                                    "bubble_size": "undefined",
                                    "name": "SEC2.",
                                    "column": 3,
                                    "sections_count": 10,
                                    "options_count": 6,
                                    "align": "Right",
                                    "header_type": "Underline",
                                    "header_border_size": 3,
                                    "header_border_color": "Black",
                                    "orientation": "Horizontal",
                                    "element_type": "Grid"
                                }, {
                                    "name": "25",
                                    "height": 25,
                                    "element_type": "EmptyLine"
                                }
                            ],
                            "column": 3,
                            "border": "Rounded",
                            "border_color": "Red",
                            "element_type": "Block"
                        }, {
                            "name": "right_footer",
                            "children": [{
                                    "name": "50",
                                    "height": 150,
                                    "element_type": "EmptyLine"
                                }, {
                                    "name": "test_id",
                                    "value": "15478977",
                                    "barcode_type": "code32",
                                    "align": "Center",
                                    "codetext": true,
                                    "element_type": "Barcode"
                                }
                            ],
                            "column": 3,
                            "element_type": "Block"
                        }
                    ],
                    "columns_proportions": [
                        46,
                        8,
                        46
                    ],
                    "container_type": "Normal",
                    "block_right_margin": 0,
                    "block_bottom_margin": 0,
                    "block_top_padding": 0,
                    "element_type": "Container"
                }, {
                    "align": "Center",
                    "name": "tear-line.png",
                    "x": 1200,
                    "y": 0,
                    "height": 3295,
                    "width": 150,
                    "element_type": "Image"
                }
            ],
            "element_type": "Page"
        }
    ],
    "element_type": "Template"
}
