Element Name,Value,
Ability to listen, understand and answer your questions,"Excellent"
Age Group,"21-30"
Consideration of your time,"Excellent"
Explanation of warranty coverage,"Satisfactory"
Fulfilled all commitments made to you,"Excellent"
Gender,"Female"
Gender,"$50-$100K"
Question1,"B"
Sincerity and honesty in dealing with you,"Satisfactory"
test_id,"154789770"
The manner in which you were greeted,"Fantastic!"
The professional manner in which you were treated,"Excellent"
The vehicle price and/or payments were discussed in a thorough manner,"Satisfactory"
