Element Name,Value,
Ability to listen, understand and answer your questions,"Excellent"
Age Group,"31-45"
Consideration of your time,"Satisfactory"
Explanation of warranty coverage,"Satisfactory"
Fulfilled all commitments made to you,"Fantastic!"
Gender,"Male"
Gender,"$100-$150K"
Question1,"C"
Sincerity and honesty in dealing with you,"Satisfactory"
test_id,"154789770"
The manner in which you were greeted,"Fantastic!"
The professional manner in which you were treated,"Satisfactory"
The vehicle price and/or payments were discussed in a thorough manner,"Fantastic!"
