{
    "children": [{
            "children": [{
                    "align": "Center",
                    "name": "logo.jpg",
                    "height": 200,
                    "width": 200,
                    "element_type": "Image"
                }, {
                    "name": "header",
                    "children": [{
                            "name": "text",
                            "children": [{
                                    "name": "Aspose High School Final Exam",
                                    "font_style": "Bold",
                                    "font_size": 14,
                                    "align": "Center",
                                    "element_type": "Content"
                                }
                            ],
                            "column": 1,
                            "element_type": "Block"
                        }
                    ],
                    "columns_count": 1,
                    "container_type": "Normal",
                    "element_type": "Container"
                }, {
                    "children": [{
                            "children": [{
                                    "name": "Instructions",
                                    "font_style": "Bold",
                                    "font_size": 12,
                                    "align": "Left",
                                    "element_type": "Content"
                                }, {
                                    "name": "Mark answer by filling circle fully. If question is skipped - mark special bubble under \"Question skipped\"",
                                    "font_style": "Italic",
                                    "font_size": 10,
                                    "align": "Left",
                                    "element_type": "Content"
                                }, {
                                    "align": "Left",
                                    "name": "example.png",
                                    "height": 300,
                                    "width": 700,
                                    "element_type": "Image"
                                }, {
                                    "height": 365,
                                    "element_type": "EmptyLine"
                                }
                            ],
                            "column": 1,
                            "border": "Rounded",
                            "border_color": "Red",
                            "element_type": "Block"
                        }, {
                            "children": [{
                                    "height": 25,
                                    "element_type": "EmptyLine"
                                }, {
                                    "name": "Name:________________________________________",
                                    "font_size": 10,
                                    "align": "Left",
                                    "element_type": "Content"
                                }, {
                                    "height": 50,
                                    "element_type": "EmptyLine"
                                }, {
                                    "name": "Teacher:_____________________________________",
                                    "font_size": 10,
                                    "align": "Left",
                                    "element_type": "Content"
                                }, {
                                    "height": 25,
                                    "element_type": "EmptyLine"
                                }, {
                                    "name": "Month/Day/Year",
                                    "align": "Center",
                                    "element_type": "Content"
                                }, {
                                    "name": "  /  /    ",
                                    "font_size": 10,
                                    "content_type": "Cells",
                                    "align": "Center",
                                    "element_type": "Content"
                                }, {
                                    "height": 50,
                                    "element_type": "EmptyLine"
                                }, {
                                    "name": "test_id",
                                    "value": "15478977",
                                    "barcode_type": "code32",
                                    "align": "Center",
                                    "codetext": true,
                                    "element_type": "Barcode"
                                }
                            ],
                            "column": 2,
                            "border": "Rounded",
                            "border_color": "Red",
                            "element_type": "Block"
                        }
                    ],
                    "columns_count": 2,
                    "container_type": "Normal",
                    "block_bottom_margin": 0,
                    "block_top_padding": 0,
                    "element_type": "Container"
                }, {
                    "height": 50,
                    "element_type": "EmptyLine"
                }, {
                    "children": [{
                            "children": [{
                                    "height": 50,
                                    "element_type": "EmptyLine"
                                }, {
                                    "bubble_size": "undefined",
                                    "name": "Part I",
                                    "column": 1,
                                    "sections_count": 25,
                                    "options_count": 4,
                                    "align": "Left",
                                    "header_type": "Square",
                                    "header_border_size": 3,
                                    "header_border_color": "Red",
                                    "orientation": "Horizontal",
                                    "x": 190,
                                    "element_type": "Grid"
                                }, {
                                    "height": 50,
                                    "element_type": "EmptyLine"
                                }
                            ],
                            "column": 1,
                            "border": "Rounded",
                            "border_color": "Red",
                            "element_type": "Block"
                        }, {
                            "children": [{
                                    "height": 50,
                                    "element_type": "EmptyLine"
                                }, {
                                    "bubble_size": "undefined",
                                    "name": "Part II",
                                    "column": 1,
                                    "sections_count": 25,
                                    "options_count": 4,
                                    "align": "Left",
                                    "header_type": "Square",
                                    "header_border_size": 3,
                                    "header_border_color": "Red",
                                    "orientation": "Horizontal",
                                    "x": 190,
                                    "element_type": "Grid"
                                }, {
                                    "height": 50,
                                    "element_type": "EmptyLine"
                                }
                            ],
                            "column": 1,
                            "border": "Rounded",
                            "border_color": "Red",
                            "element_type": "Block"
                        }, {
                            "children": [{
                                    "height": 50,
                                    "element_type": "EmptyLine"
                                }, {
                                    "bubble_size": "undefined",
                                    "name": "Part III",
                                    "column": 1,
                                    "sections_count": 25,
                                    "options_count": 4,
                                    "align": "Left",
                                    "header_type": "Square",
                                    "header_border_size": 3,
                                    "header_border_color": "Red",
                                    "orientation": "Horizontal",
                                    "x": 190,
                                    "element_type": "Grid"
                                }, {
                                    "height": 50,
                                    "element_type": "EmptyLine"
                                }
                            ],
                            "column": 1,
                            "border": "Rounded",
                            "border_color": "Red",
                            "element_type": "Block"
                        }, {
                            "children": [{
                                    "height": 50,
                                    "element_type": "EmptyLine"
                                }, {
                                    "bubble_size": "undefined",
                                    "name": "Part IV",
                                    "column": 1,
                                    "sections_count": 25,
                                    "options_count": 4,
                                    "align": "Left",
                                    "header_type": "Square",
                                    "header_border_size": 3,
                                    "header_border_color": "Red",
                                    "orientation": "Horizontal",
                                    "x": 190,
                                    "element_type": "Grid"
                                }, {
                                    "height": 50,
                                    "element_type": "EmptyLine"
                                }
                            ],
                            "column": 1,
                            "border": "Rounded",
                            "border_color": "Red",
                            "element_type": "Block"
                        }, {
                            "children": [{
                                    "height": 50,
                                    "element_type": "EmptyLine"
                                }, {
                                    "bubble_size": "undefined",
                                    "name": "Part V",
                                    "column": 1,
                                    "sections_count": 25,
                                    "options_count": 4,
                                    "align": "Left",
                                    "header_type": "Square",
                                    "header_border_size": 3,
                                    "header_border_color": "Red",
                                    "orientation": "Horizontal",
                                    "x": 190,
                                    "element_type": "Grid"
                                }, {
                                    "height": 50,
                                    "element_type": "EmptyLine"
                                }
                            ],
                            "column": 1,
                            "border": "Rounded",
                            "border_color": "Red",
                            "element_type": "Block"
                        }
                    ],
                    "columns_count": 1,
                    "container_type": "Normal",
                    "element_type": "Container"
                }
            ],
            "element_type": "Page"
        }
    ],
    "element_type": "Template"
}
