{
    "children": [{
            "children": [{
                    "align": "Center",
                    "name": "logo.jpg",
                    "height": 200,
                    "width": 200,
                    "element_type": "Image"
                }, {
                    "name": "Aspose Board of education",
                    "font_style": "Bold",
                    "font_size": 18,
                    "align": "Center",
                    "element_type": "Text"
                }, {
                    "name": "Personalized test",
                    "font_style": "Bold",
                    "font_size": 12,
                    "align": "Center",
                    "element_type": "Text"
                }, {
                    "name": "100",
                    "height": 100,
                    "element_type": "EmptyLine"
                }, {
                    "name": "first",
                    "children": [{
                            "name": "left-header",
                            "children": [{
                                    "name": "Personal Info",
                                    "font_style": [
                                        "Bold",
                                        "Italic"
                                    ],
                                    "font_size": 12,
                                    "align": "Center",
                                    "element_type": "Content"
                                }, {
                                    "name": "30",
                                    "height": 30,
                                    "element_type": "EmptyLine"
                                }
                            ],
                            "column": 1,
                            "element_type": "Block"
                        }, {
                            "name": "left-header",
                            "children": [{
                                    "name": "Please check your name and school. Make sure it is your personnal information. Make sure spelling is correct.",
                                    "font_style": "Italic",
                                    "font_size": 6,
                                    "align": "Right",
                                    "element_type": "Content"
                                }
                            ],
                            "column": 1,
                            "element_type": "Block"
                        }, {
                            "name": "left-content",
                            "children": [{
                                    "name": "50",
                                    "height": 25,
                                    "element_type": "EmptyLine"
                                }, {
                                    "name": "first_name",
                                    "element_type": "InputGroup",
                                    "children": [{
                                            "name": "First name",
                                            "align": "Left",
                                            "element_type": "Content"
                                        }, {
                                            "name": "John",
                                            "align": "Center",
                                            "element_type": "Content"
                                        }
                                    ],
                                    "label_border": "Rounded",
                                    "input_border": "Rounded",
                                    "border_color": "DarkOrange"
                                }, {
                                    "name": "middle_name",
                                    "element_type": "InputGroup",
                                    "children": [{
                                            "name": "Middle name",
                                            "align": "Left",
                                            "element_type": "Content"
                                        }, {
                                            "name": "Gavin",
                                            "align": "Center",
                                            "element_type": "Content"
                                        }
                                    ],
                                    "label_border": "Rounded",
                                    "input_border": "Rounded",
                                    "border_color": "DarkOrange"
                                }, {
                                    "name": "last_name",
                                    "element_type": "InputGroup",
                                    "children": [{
                                            "name": "Last name",
                                            "align": "Left",
                                            "element_type": "Content"
                                        }, {
                                            "name": "Malkovich ",
                                            "align": "Center",
                                            "element_type": "Content"
                                        }
                                    ],
                                    "label_border": "Rounded",
                                    "input_border": "Rounded",
                                    "border_color": "DarkOrange"
                                }, {
                                    "name": "school",
                                    "element_type": "InputGroup",
                                    "children": [{
                                            "name": "School",
                                            "align": "Left",
                                            "element_type": "Content"
                                        }, {
                                            "name": "Aspose High School",
                                            "align": "Center",
                                            "element_type": "Content"
                                        }
                                    ],
                                    "label_border": "Rounded",
                                    "input_border": "Rounded",
                                    "border_color": "DarkOrange"
                                }
                            ],
                            "column": 1,
                            "element_type": "Block"
                        }, {
                            "name": "left_footer",
                            "children": [{
                                    "name": "50",
                                    "height": 100,
                                    "element_type": "EmptyLine"
                                }, {
                                    "name": "test_id",
                                    "value": "15478977",
                                    "barcode_type": "code32",
                                    "align": "Center",
                                    "codetext": true,
                                    "element_type": "Barcode"
                                }
                            ],
                            "column": 1,
                            "element_type": "Block"
                        }, {
                            "name": "middle_header",
                            "children": [{
                                    "name": "Section 1",
                                    "font_style": [
                                        "Bold",
                                        "Italic"
                                    ],
                                    "font_size": 12,
                                    "align": "Center",
                                    "element_type": "Content"
                                }, {
                                    "name": "50",
                                    "height": 50,
                                    "element_type": "EmptyLine"
                                }
                            ],
                            "column": 3,
                            "element_type": "Block"
                        }, {
                            "name": "middle_content",
                            "children": [{
                                    "name": "25",
                                    "height": 25,
                                    "element_type": "EmptyLine"
                                }, {
                                    "bubble_size": "undefined",
                                    "name": "SEC1",
                                    "column": 3,
                                    "sections_count": 6,
                                    "options_count": 6,
                                    "align": "Right",
                                    "header_type": "Underline",
                                    "header_border_size": 3,
                                    "header_border_color": "Black",
                                    "orientation": "Horizontal",
                                    "element_type": "Grid"
                                }
                            ],
                            "column": 3,
                            "border": "Rounded",
                            "border_color": "DarkOrange",
                            "element_type": "Block"
                        }, {
                            "name": "right_header",
                            "children": [{
                                    "name": "Section 2",
                                    "font_style": [
                                        "Bold",
                                        "Italic"
                                    ],
                                    "font_size": 12,
                                    "align": "Center",
                                    "element_type": "Content"
                                }, {
                                    "name": "50",
                                    "height": 50,
                                    "element_type": "EmptyLine"
                                }
                            ],
                            "column": 5,
                            "element_type": "Block"
                        }, {
                            "name": "right_content",
                            "children": [{
                                    "name": "25",
                                    "height": 25,
                                    "element_type": "EmptyLine"
                                }, {
                                    "bubble_size": "undefined",
                                    "name": "SEC2",
                                    "column": 5,
                                    "sections_count": 6,
                                    "options_count": 6,
                                    "align": "Right",
                                    "header_type": "Underline",
                                    "header_border_size": 3,
                                    "header_border_color": "Black",
                                    "orientation": "Horizontal",
                                    "element_type": "Grid"
                                }
                            ],
                            "column": 5,
                            "border": "Rounded",
                            "border_color": "DarkOrange",
                            "element_type": "Block"
                        }
                    ],
                    "columns_proportions": [
                        36,
                        2,
                        30,
                        2,
                        30
                    ],
                    "container_type": "Normal",
                    "block_right_margin": 500,
                    "block_bottom_margin": 0,
                    "block_top_padding": 0,
                    "element_type": "Container"
                }, {
                    "align": "Center",
                    "name": "tear-line-small.png",
                    "x": 0,
                    "y": 1550,
                    "height": 200,
                    "width": 2551,
                    "element_type": "Image"
                }, {
                    "align": "Center",
                    "name": "logo.jpg",
                    "height": 200,
                    "width": 200,
                    "element_type": "Image"
                }, {
                    "name": "Aspose Board of education",
                    "font_style": "Bold",
                    "font_size": 18,
                    "align": "Center",
                    "element_type": "Text"
                }, {
                    "name": "Personalized test",
                    "font_style": "Bold",
                    "font_size": 12,
                    "align": "Center",
                    "element_type": "Text"
                }, {
                    "name": "100",
                    "height": 100,
                    "element_type": "EmptyLine"
                }, {
                    "name": "second",
                    "children": [{
                            "name": "left-header",
                            "children": [{
                                    "name": "Personal Info",
                                    "font_style": [
                                        "Bold",
                                        "Italic"
                                    ],
                                    "font_size": 12,
                                    "align": "Center",
                                    "element_type": "Content"
                                }, {
                                    "name": "50",
                                    "height": 30,
                                    "element_type": "EmptyLine"
                                }
                            ],
                            "column": 1,
                            "element_type": "Block"
                        }, {
                            "name": "left-header",
                            "children": [{
                                    "name": "Please check your name and school. Make sure it is your personal information. Make sure spelling is correct.",
                                    "font_style": "Italic",
                                    "font_size": 6,
                                    "align": "Right",
                                    "element_type": "Content"
                                }
                            ],
                            "column": 1,
                            "element_type": "Block"
                        }, {
                            "name": "left-content",
                            "children": [{
                                    "name": "50",
                                    "height": 25,
                                    "element_type": "EmptyLine"
                                }, {
                                    "name": "first_name",
                                    "element_type": "InputGroup",
                                    "children": [{
                                            "name": "First name",
                                            "align": "Left",
                                            "element_type": "Content"
                                        }, {
                                            "name": "Andrew",
                                            "align": "Center",
                                            "element_type": "Content"
                                        }
                                    ],
                                    "label_border": "Rounded",
                                    "input_border": "Rounded",
                                    "border_color": "DarkOrange"
                                }, {
                                    "name": "middle_name",
                                    "element_type": "InputGroup",
                                    "children": [{
                                            "name": "Middle name",
                                            "align": "Left",
                                            "element_type": "Content"
                                        }, {
                                            "name": "Willson",
                                            "align": "Center",
                                            "element_type": "Content"
                                        }
                                    ],
                                    "label_border": "Rounded",
                                    "input_border": "Rounded",
                                    "border_color": "DarkOrange"
                                }, {
                                    "name": "last_name",
                                    "element_type": "InputGroup",
                                    "children": [{
                                            "name": "Last name",
                                            "align": "Left",
                                            "element_type": "Content"
                                        }, {
                                            "name": "Smith ",
                                            "align": "Center",
                                            "element_type": "Content"
                                        }
                                    ],
                                    "label_border": "Rounded",
                                    "input_border": "Rounded",
                                    "border_color": "DarkOrange"
                                }, {
                                    "name": "school",
                                    "element_type": "InputGroup",
                                    "children": [{
                                            "name": "School",
                                            "align": "Left",
                                            "element_type": "Content"
                                        }, {
                                            "name": "Aspose High School",
                                            "align": "Center",
                                            "element_type": "Content"
                                        }
                                    ],
                                    "label_border": "Rounded",
                                    "input_border": "Rounded",
                                    "border_color": "DarkOrange"
                                }
                            ],
                            "column": 1,
                            "element_type": "Block"
                        }, {
                            "name": "left_footer",
                            "children": [{
                                    "name": "50",
                                    "height": 100,
                                    "element_type": "EmptyLine"
                                }, {
                                    "name": "test_id",
                                    "value": "15478978",
                                    "barcode_type": "code32",
                                    "align": "Center",
                                    "codetext": true,
                                    "element_type": "Barcode"
                                }
                            ],
                            "column": 1,
                            "element_type": "Block"
                        }, {
                            "name": "middle_header",
                            "children": [{
                                    "name": "Section 1",
                                    "font_style": [
                                        "Bold",
                                        "Italic"
                                    ],
                                    "font_size": 12,
                                    "align": "Center",
                                    "element_type": "Content"
                                }, {
                                    "name": "50",
                                    "height": 50,
                                    "element_type": "EmptyLine"
                                }
                            ],
                            "column": 3,
                            "element_type": "Block"
                        }, {
                            "name": "middle_content",
                            "children": [{
                                    "name": "25",
                                    "height": 25,
                                    "element_type": "EmptyLine"
                                }, {
                                    "bubble_size": "undefined",
                                    "name": "SEC1",
                                    "column": 3,
                                    "sections_count": 6,
                                    "options_count": 6,
                                    "align": "Right",
                                    "header_type": "Underline",
                                    "header_border_size": 3,
                                    "header_border_color": "Black",
                                    "orientation": "Horizontal",
                                    "element_type": "Grid"
                                }
                            ],
                            "column": 3,
                            "border": "Rounded",
                            "border_color": "DarkOrange",
                            "element_type": "Block"
                        }, {
                            "name": "right_header",
                            "children": [{
                                    "name": "Section 2",
                                    "font_style": [
                                        "Bold",
                                        "Italic"
                                    ],
                                    "font_size": 12,
                                    "align": "Center",
                                    "element_type": "Content"
                                }, {
                                    "name": "50",
                                    "height": 50,
                                    "element_type": "EmptyLine"
                                }
                            ],
                            "column": 5,
                            "element_type": "Block"
                        }, {
                            "name": "right_content",
                            "children": [{
                                    "name": "25",
                                    "height": 25,
                                    "element_type": "EmptyLine"
                                }, {
                                    "bubble_size": "undefined",
                                    "name": "SEC2",
                                    "column": 5,
                                    "sections_count": 6,
                                    "options_count": 6,
                                    "align": "Right",
                                    "header_type": "Underline",
                                    "header_border_size": 3,
                                    "header_border_color": "Black",
                                    "orientation": "Horizontal",
                                    "element_type": "Grid"
                                }
                            ],
                            "column": 5,
                            "border": "Rounded",
                            "border_color": "DarkOrange",
                            "element_type": "Block"
                        }
                    ],
                    "columns_proportions": [
                        36,
                        2,
                        30,
                        2,
                        30
                    ],
                    "container_type": "Normal",
                    "block_right_margin": 500,
                    "block_bottom_margin": 0,
                    "block_top_padding": 0,
                    "element_type": "Container"
                }
            ],
            "element_type": "Page"
        }
    ],
    "element_type": "Template"
}
