Element Name,Value,
PartI1,""
PartI2,""
PartI3,""
PartI4,""
PartI5,""
PartI6,""
PartI7,""
PartI8,""
PartI9,""
PartI10,""
PartI11,""
PartI12,""
PartI13,"A"
PartI14,""
PartI15,""
PartI16,"A"
PartI17,""
PartI18,""
PartI19,""
PartI20,""
PartI21,""
PartI22,""
PartI23,"A"
PartI24,""
PartI25,""
PartI26,""
PartI27,""
PartI28,""
PartI29,""
PartI30,""
PartI31,""
PartI32,""
PartI33,""
PartI34,""
PartI35,""
PartI36,"A"
PartI37,""
PartI38,""
PartI39,"A"
PartI40,""
PartI41,""
PartI42,""
PartI43,""
PartI44,""
PartI45,"A"
PartI46,""
PartI47,""
PartI48,""
PartI49,"A"
PartI50,""
PartI51,""
PartI52,"A"
PartI53,""
PartI54,""
PartI55,""
PartI56,"A"
PartI57,""
PartI58,""
PartI59,""
PartI60,"A"
PartI61,""
PartI62,""
PartI63,""
PartI64,"A"
PartI65,""
PartI66,""
PartI67,""
PartI68,""
PartI69,"C"
PartI70,""
PartI71,""
PartI72,""
PartI73,""
PartI74,""
PartI75,"B"
PartI76,""
PartI77,""
PartI78,""
PartI79,""
PartI80,"A"
PartI81,""
PartI82,""
PartI83,""
PartI84,""
PartI85,""
PartI86,""
PartI87,""
PartI88,"A"
PartI89,""
PartI90,""
PartI91,""
PartI92,""
PartI93,""
PartI94,""
PartI95,""
PartI96,""
PartI97,""
PartI98,""
PartI99,""
PartI100,"A"
PartI101,""
PartI102,""
PartI103,""
PartI104,""
PartI105,"C"
PartI106,""
PartI107,""
PartI108,""
PartI109,""
PartI110,""
PartI111,"C"
PartI112,""
PartI113,""
PartI114,""
PartI115,""
PartI116,""
PartI117,""
PartI118,""
PartI119,""
PartI120,""
PartI121,""
PartI122,"A"
PartI123,""
PartI124,""
PartI125,""
PartI126,""
PartI127,""
PartI128,""
PartI129,"A"
PartI130,""
PartI131,""
PartI132,""
PartI133,""
PartI134,""
PartI135,""
PartI136,"A"
PartI137,""
PartI138,""
PartI139,""
PartI140,""
PartI141,""
PartI142,""
PartI143,""
PartI144,""
PartI145,"C"
PartI146,""
PartI147,""
PartI148,""
PartI149,""
PartI150,""
PartI151,""
PartI152,""
PartI153,"A"
PartI154,""
PartI155,""
PartI156,""
PartI157,""
PartI158,""
PartI159,""
PartI160,""
PartI161,""
PartI162,""
PartI163,""
PartI164,""
PartI165,""
PartI166,""
PartI167,""
PartI168,""
PartI169,""
PartI170,""
PartI171,""
PartI172,"A"
PartI173,""
PartI174,""
PartI175,""
PartI176,""
PartI177,""
PartI178,""
PartI179,""
PartI180,""
test_id,"154789770"
