Element Name,Value,
PartI1,""
PartI2,""
PartI3,""
PartI4,""
PartI5,""
PartI6,""
PartI7,""
PartI8,""
PartI9,""
PartI10,""
PartI11,""
PartI12,""
PartI13,""
PartI14,""
PartI15,""
PartI16,""
PartI17,""
PartI18,""
PartI19,""
PartI20,""
PartI21,""
PartI22,""
PartI23,""
PartI24,""
PartI25,""
PartI26,""
PartI27,""
PartI28,""
PartI29,""
PartI30,""
PartI31,""
PartI32,""
PartI33,""
PartI34,""
PartI35,""
PartI36,""
PartI37,""
PartI38,""
PartI39,""
PartI40,""
PartI41,""
PartI42,""
PartI43,""
PartI44,""
PartI45,""
PartI46,"D"
PartI47,""
PartI48,""
PartI49,""
PartI50,""
PartI51,""
PartI52,""
PartI53,""
PartI54,""
PartI55,""
PartI56,"A"
PartI57,""
PartI58,""
PartI59,""
PartI60,""
PartI61,""
PartI62,""
PartI63,""
PartI64,""
PartI65,""
PartI66,""
PartI67,"A"
PartI68,""
PartI69,""
PartI70,"A"
PartI71,""
PartI72,""
PartI73,"D"
PartI74,""
PartI75,""
PartI76,""
PartI77,"C"
PartI78,""
PartI79,""
PartI80,"B"
PartI81,""
PartI82,""
PartI83,""
PartI84,""
PartI85,""
PartI86,""
PartI87,"A"
PartI88,""
PartI89,""
PartI90,"A"
PartI91,""
PartI92,"C"
PartI93,""
PartI94,""
PartI95,""
PartI96,""
PartI97,""
PartI98,""
PartI99,"B"
PartI100,""
PartI101,""
PartI102,"C"
PartI103,""
PartI104,"B"
PartI105,""
PartI106,""
PartI107,"A"
PartI108,""
PartI109,"C"
PartI110,""
PartI111,""
PartI112,""
PartI113,""
PartI114,""
PartI115,"B"
PartI116,""
PartI117,""
PartI118,""
PartI119,""
PartI120,""
PartI121,"D"
PartI122,""
PartI123,""
PartI124,""
PartI125,""
PartI126,""
PartI127,""
PartI128,""
PartI129,"B"
PartI130,""
PartI131,""
PartI132,""
PartI133,""
PartI134,""
PartI135,""
PartI136,""
PartI137,""
PartI138,""
PartI139,"A"
PartI140,""
PartI141,""
PartI142,""
PartI143,""
PartI144,""
PartI145,""
PartI146,""
PartI147,""
PartI148,""
PartI149,""
PartI150,""
PartI151,""
PartI152,""
PartI153,""
PartI154,""
PartI155,"D"
PartI156,""
PartI157,""
PartI158,""
PartI159,""
PartI160,""
PartI161,""
PartI162,"C"
PartI163,""
PartI164,""
PartI165,""
PartI166,""
PartI167,""
PartI168,""
PartI169,""
PartI170,""
PartI171,""
PartI172,"A"
PartI173,""
PartI174,""
PartI175,""
PartI176,""
PartI177,"A"
PartI178,""
PartI179,""
PartI180,""
test_id,"154789770"
