{
  "name": null,
  "children": [
    {
      "name": null,
      "children": [
        {
          "align": "Center",
          "name": "logo.jpg",
          "image_path": null,
          "x": -1,
          "y": -1,
          "height": 200,
          "width": 200,
          "element_type": "Image"
        },
        {
          "name": "header",
          "children": [
            {
              "name": "text",
              "children": [
                {
                  "name": "Aspose High School Final Exam",
                  "font_family": "Calibri",
                  "font_style": "Bold",
                  "font_size": 14,
                  "content_type": "Normal",
                  "align": "Center",
                  "element_type": "Content"
                }
              ],
              "column": 1,
              "border": "None",
              "border_size": 3,
              "border_color": "Black",
              "is_clipped": false,
              "element_type": "Block"
            }
          ],
          "columns_count": 1,
          "columns_proportions": null,
          "container_type": "Normal",
          "block_right_margin": 40,
          "block_bottom_margin": 20,
          "block_top_padding": 20,
          "element_type": "Container"
        },
        {
          "name": "",
          "children": [
            {
              "name": "",
              "children": [
                {
                  "name": "Instructions",
                  "font_family": "Calibri",
                  "font_style": "Bold",
                  "font_size": 12,
                  "content_type": "Normal",
                  "align": "Left",
                  "element_type": "Content"
                },
                {
                  "name": "Mark answer by filling circle fully. If question is skipped - mark special bubble under \"Question skipped\"",
                  "font_family": "Calibri",
                  "font_style": "Italic",
                  "font_size": 10,
                  "content_type": "Normal",
                  "align": "Left",
                  "element_type": "Content"
                },
                {
                  "align": "Left",
                  "name": "example.png",
                  "image_path": null,
                  "x": -1,
                  "y": -1,
                  "height": 300,
                  "width": 700,
                  "element_type": "Image"
                }
              ],
              "column": 1,
              "border": "None",
              "border_size": 3,
              "border_color": "Black",
              "is_clipped": false,
              "element_type": "Block"
            },
            {
              "name": "",
              "children": [
                {
                  "name": "",
                  "height": 25,
                  "element_type": "EmptyLine"
                },
                {
                  "name": "Name:________________________________________",
                  "font_family": "Calibri",
                  "font_style": "Regular",
                  "font_size": 10,
                  "content_type": "Normal",
                  "align": "Left",
                  "element_type": "Content"
                },
                {
                  "name": "",
                  "height": 50,
                  "element_type": "EmptyLine"
                },
                {
                  "name": "Teacher:_____________________________________",
                  "font_family": "Calibri",
                  "font_style": "Regular",
                  "font_size": 10,
                  "content_type": "Normal",
                  "align": "Left",
                  "element_type": "Content"
                },
                {
                  "name": "",
                  "height": 25,
                  "element_type": "EmptyLine"
                },
                {
                  "name": "Month/Day/Year",
                  "font_family": "Calibri",
                  "font_style": "Regular",
                  "font_size": 9,
                  "content_type": "Normal",
                  "align": "Center",
                  "element_type": "Content"
                },
                {
                  "name": "  /  /    ",
                  "font_family": "Calibri",
                  "font_style": "Regular",
                  "font_size": 10,
                  "content_type": "Cells",
                  "align": "Center",
                  "element_type": "Content"
                },
                {
                  "name": "",
                  "height": 50,
                  "element_type": "EmptyLine"
                },
                {
                  "name": "test_id",
                  "value": "15478977",
                  "barcode_type": "Code32",
                  "qr_version": "Auto",
                  "align": "Center",
                  "height": -1,
                  "codetext": true,
                  "X": -1,
                  "Y": -1,
                  "element_type": "Barcode"
                }
              ],
              "column": 2,
              "border": "None",
              "border_size": 3,
              "border_color": "Black",
              "is_clipped": false,
              "element_type": "Block"
            }
          ],
          "columns_count": 2,
          "columns_proportions": null,
          "container_type": "Normal",
          "block_right_margin": 40,
          "block_bottom_margin": 0,
          "block_top_padding": 0,
          "element_type": "Container"
        },
        {
          "name": "",
          "height": 50,
          "element_type": "EmptyLine"
        },
        {
          "bubble_size": "Normal",
          "name": "PartI",
          "column": 0,
          "elements_count": 180,
          "columns_count": 5,
          "answers_count": 4,
          "start_id": -1,
          "vertical_margin": 0,
          "bubble_type": "Round",
          "answers_list": null,
          "element_type": "AnswerSheet"
        }
      ],
      "element_type": "Page"
    }
  ],
  "element_type": "Template"
}