{
    "children": [{
            "children": [{
                    "name": "AmazeCar Customer Satisfaction Survey",
                    "font_style": "Bold",
                    "font_size": 18,
                    "align": "Center",
                    "element_type": "Text"
                }, {
                    "align": "Left",
                    "name": "logo.jpg",
                    "x": 278,
                    "y": 100,
                    "height": 200,
                    "width": 200,
                    "element_type": "Image"
                }, {
                    "name": "description",
                    "children": [{
                            "children": [{
                                    "height": 50,
                                    "element_type": "EmptyLine"
                                }, {
                                    "name": "Thank you for your purchase! We want your experience to be Perfect! Please help us be more Amazing by answering some question about your purchase.",
                                    "font_style": "Italic",
                                    "align": "Left",
                                    "element_type": "Content"
                                }
                            ],
                            "column": 1,
                            "element_type": "Block"
                        }
                    ],
                    "columns_count": 1,
                    "container_type": "Normal",
                    "element_type": "Container"
                }, {
                    "name": "about yourself_header",
                    "children": [{
                            "children": [{
                                    "name": "Please tell us a bit about yourself...",
                                    "font_style": "Bold",
                                    "font_size": 14,
                                    "align": "Left",
                                    "element_type": "Content"
                                }, {
                                    "height": 50,
                                    "element_type": "EmptyLine"
                                }
                            ],
                            "column": 1,
                            "border": "Square",
                            "element_type": "Block"
                        }
                    ],
                    "columns_proportions": [
                        100
                    ],
                    "container_type": "Normal",
                    "block_bottom_margin": 0,
                    "block_top_padding": 0,
                    "element_type": "Container"
                }, {
                    "height": 50,
                    "element_type": "EmptyLine"
                }, {
                    "name": "about yourself_content",
                    "children": [{
                            "children": [{
                                    "name": "Gender:",
                                    "font_style": "Bold",
                                    "font_size": 12,
                                    "align": "Left",
                                    "element_type": "Content"
                                }, {
                                    "name": "Gender",
                                    "children": [{
                                            "name": "Female",
                                            "children": [{
                                                    "name": "Female",
                                                    "align": "Left",
                                                    "element_type": "Content"
                                                }
                                            ],
                                            "bubble_type": "Round",
                                            "element_type": "Answer"
                                        }, {
                                            "name": "Male",
                                            "children": [{
                                                    "name": "Male",
                                                    "align": "Left",
                                                    "element_type": "Content"
                                                }
                                            ],
                                            "bubble_type": "Round",
                                            "element_type": "Answer"
                                        }, {
                                            "name": "Other(specify)",
                                            "children": [{
                                                    "name": "Other(specify)",
                                                    "align": "Left",
                                                    "element_type": "Content"
                                                }, {
                                                    "name": "Gender",
                                                    "element_type": "WriteIn"
                                                }
                                            ],
                                            "bubble_type": "Round",
                                            "element_type": "Answer"
                                        }
                                    ],
                                    "element_type": "VerticalChoiceBox",
                                    "top_padding": 0
                                }
                            ],
                            "column": 1,
                            "element_type": "Block"
                        }, {
                            "children": [{
                                    "name": "Age Group:",
                                    "font_style": "Bold",
                                    "font_size": 12,
                                    "align": "Left",
                                    "element_type": "Content"
                                }, {
                                    "name": "Age Group",
                                    "children": [{
                                            "name": "18-21",
                                            "children": [{
                                                    "name": "18-21",
                                                    "align": "Left",
                                                    "element_type": "Content"
                                                }
                                            ],
                                            "bubble_type": "Round",
                                            "element_type": "Answer"
                                        }, {
                                            "name": "21-30",
                                            "children": [{
                                                    "name": "21-30",
                                                    "align": "Left",
                                                    "element_type": "Content"
                                                }
                                            ],
                                            "bubble_type": "Round",
                                            "element_type": "Answer"
                                        }, {
                                            "name": "31-45",
                                            "children": [{
                                                    "name": "31-45",
                                                    "align": "Left",
                                                    "element_type": "Content"
                                                }
                                            ],
                                            "bubble_type": "Round",
                                            "element_type": "Answer"
                                        }, {
                                            "name": "46-60",
                                            "children": [{
                                                    "name": "46-60",
                                                    "align": "Left",
                                                    "element_type": "Content"
                                                }
                                            ],
                                            "bubble_type": "Round",
                                            "element_type": "Answer"
                                        }, {
                                            "name": ">60",
                                            "children": [{
                                                    "name": ">60",
                                                    "align": "Left",
                                                    "element_type": "Content"
                                                }
                                            ],
                                            "bubble_type": "Round",
                                            "element_type": "Answer"
                                        }, {
                                            "name": "21-30",
                                            "children": [{
                                                    "name": "21-30",
                                                    "align": "Left",
                                                    "element_type": "Content"
                                                }
                                            ],
                                            "bubble_type": "Round",
                                            "element_type": "Answer"
                                        }
                                    ],
                                    "element_type": "VerticalChoiceBox",
                                    "top_padding": 0
                                }
                            ],
                            "column": 3,
                            "element_type": "Block"
                        }, {
                            "children": [{
                                    "name": "Income Level:",
                                    "font_style": "Bold",
                                    "font_size": 12,
                                    "align": "Left",
                                    "element_type": "Content"
                                }, {
                                    "name": "Gender",
                                    "children": [{
                                            "name": "<$50K",
                                            "children": [{
                                                    "name": "<$50K",
                                                    "align": "Left",
                                                    "element_type": "Content"
                                                }
                                            ],
                                            "bubble_type": "Round",
                                            "element_type": "Answer"
                                        }, {
                                            "name": "$50-$100K",
                                            "children": [{
                                                    "name": "$50-$100K",
                                                    "align": "Left",
                                                    "element_type": "Content"
                                                }
                                            ],
                                            "bubble_type": "Round",
                                            "element_type": "Answer"
                                        }, {
                                            "name": "$100-$150K",
                                            "children": [{
                                                    "name": "$100-$150K",
                                                    "align": "Left",
                                                    "element_type": "Content"
                                                }
                                            ],
                                            "bubble_type": "Round",
                                            "element_type": "Answer"
                                        }, {
                                            "name": ">$150K",
                                            "children": [{
                                                    "name": ">$150K",
                                                    "align": "Left",
                                                    "element_type": "Content"
                                                }
                                            ],
                                            "bubble_type": "Round",
                                            "element_type": "Answer"
                                        }
                                    ],
                                    "element_type": "VerticalChoiceBox",
                                    "top_padding": 0
                                }
                            ],
                            "column": 5,
                            "element_type": "Block"
                        }
                    ],
                    "columns_proportions": [
                        33,
                        10,
                        22,
                        2,
                        33
                    ],
                    "container_type": "Normal",
                    "block_bottom_margin": 0,
                    "block_top_padding": 0,
                    "element_type": "Container"
                }, {
                    "height": 25,
                    "element_type": "EmptyLine"
                }, {
                    "align": "Left",
                    "answers_string": "\t()Fantastic! ()Excellent ()Satisfactory ()Mediocre ()Negative\t",
                    "question_text": "The manner in which you were greeted by SALESPERSON",
                    "element_type": "ChoiceBox"
                }, {
                    "align": "Left",
                    "answers_string": "\t()Fantastic! ()Excellent ()Satisfactory ()Mediocre ()Negative",
                    "question_text": "Sincerity and honesty of SALESPERSON when dealing with you ",
                    "element_type": "ChoiceBox"
                }, {
                    "align": "Left",
                    "answers_string": "\t()Fantastic! ()Excellent ()Satisfactory ()Mediocre ()Negative",
                    "question_text": "SALESPERSON consideration of your time",
                    "element_type": "ChoiceBox"
                }, {
                    "align": "Left",
                    "answers_string": "\t()Fantastic! ()Excellent ()Satisfactory ()Mediocre ()Negative",
                    "question_text": "SALESPERSON ability to listen, understand and answer your questions",
                    "element_type": "ChoiceBox"
                }, {
                    "align": "Left",
                    "answers_string": "\t()Fantastic! ()Excellent ()Satisfactory ()Mediocre ()Negative",
                    "question_text": "Fulfilled all commitments made to you by SALESPERSON",
                    "element_type": "ChoiceBox"
                }, {
                    "align": "Left",
                    "answers_string": "\t()Fantastic! ()Excellent ()Satisfactory ()Mediocre ()Negative",
                    "question_text": "The vehicle price and/or payments were discussed by SALESTEAM in a thorough manner",
                    "element_type": "ChoiceBox"
                }, {
                    "align": "Left",
                    "answers_string": "\t()Fantastic! ()Excellent ()Satisfactory ()Mediocre ()Negative",
                    "question_text": "Explanation of warranty coverage by SALESTEAM",
                    "element_type": "ChoiceBox"
                }, {
                    "align": "Left",
                    "answers_string": "\t()Fantastic! ()Excellent ()Satisfactory ()Mediocre ()Negative",
                    "question_text": "The professional manner in which you were treated by SALESTEAM",
                    "element_type": "ChoiceBox"
                }, {
                    "align": "Left",
                    "answers_string": "\t()Fantastic! ()Excellent ()Satisfactory ()Mediocre ()Negative",
                    "question_text": "Fulfilled all commitments made to you by SALESTEAM",
                    "element_type": "ChoiceBox"
                }, {
                    "align": "Left",
                    "answers_string": "\t()Fantastic! ()Excellent ()Satisfactory ()Mediocre ()Negative",
                    "question_text": "If you have contacted out store by phone, how satisfied are you with the way your call was handled?",
                    "element_type": "ChoiceBox"
                }, {
                    "height": 50,
                    "element_type": "EmptyLine"
                }, {
                    "children": [{
                            "children": [{
                                    "name": "If you overall experience was unsatisfactory - leave your contact information. We'll contact you about it!",
                                    "align": "Left",
                                    "element_type": "Content"
                                }, {
                                    "height": 50,
                                    "element_type": "EmptyLine"
                                }, {
                                    "name": "contact_information",
                                    "element_type": "WriteIn"
                                }
                            ],
                            "column": 1,
                            "element_type": "Block"
                        }
                    ],
                    "columns_count": 1,
                    "container_type": "Normal",
                    "element_type": "Container"
                }, {
                    "name": "150",
                    "height": 100,
                    "element_type": "EmptyLine"
                }, {
                    "name": "test_id",
                    "value": "15478977",
                    "barcode_type": "code32",
                    "align": "Center",
                    "codetext": true,
                    "element_type": "Barcode"
                }
            ],
            "element_type": "Page"
        }
    ],
    "element_type": "Template"
}
