{
  "name": null,
  "children": [
    {
      "name": null,
      "children": [
        {
          "name": "main",
          "children": [
            {
              "name": "left-header",
              "children": [
                {
                  "name": "",
                  "children": [
                    {
                      "align": "Center",
                      "name": "logo.jpg",
                      "image_path": null,
                      "x": -1,
                      "y": -1,
                      "height": 200,
                      "width": 200,
                      "element_type": "Image"
                    },
                    {
                      "name": "Aspose Board",
                      "font_family": "Calibri",
                      "font_style": "Bold",
                      "font_size": 18,
                      "content_type": "Normal",
                      "align": "Center",
                      "element_type": "Content"
                    },
                    {
                      "name": "of education",
                      "font_family": "Calibri",
                      "font_style": "Bold",
                      "font_size": 18,
                      "content_type": "Normal",
                      "align": "Center",
                      "element_type": "Content"
                    },
                    {
                      "name": "Personalized Test",
                      "font_family": "Calibri",
                      "font_style": "Bold",
                      "font_size": 12,
                      "content_type": "Normal",
                      "align": "Center",
                      "element_type": "Content"
                    }
                  ],
                  "paragraph_type": "Normal",
                  "element_type": "Paragraph"
                }
              ],
              "column": 1,
              "border": "None",
              "border_size": 3,
              "border_color": "Black",
              "is_clipped": false,
              "element_type": "Block"
            },
            {
              "name": "left-header",
              "children": [
                {
                  "name": "Personal Info",
                  "font_family": "Calibri",
                  "font_style": [
                    "Bold",
                    "Italic"
                  ],
                  "font_size": 12,
                  "content_type": "Normal",
                  "align": "Center",
                  "element_type": "Content"
                }
              ],
              "column": 1,
              "border": "Square",
              "border_size": 3,
              "border_color": "Black",
              "is_clipped": false,
              "element_type": "Block"
            },
            {
              "name": "left-header-description",
              "children": [
                {
                  "name": "Please check your name and school. Make sure it is your personal information. Make sure spelling is correct.",
                  "font_family": "Calibri",
                  "font_style": "Italic",
                  "font_size": 6,
                  "content_type": "Normal",
                  "align": "Right",
                  "element_type": "Content"
                }
              ],
              "column": 1,
              "border": "Square",
              "border_size": 3,
              "border_color": "Black",
              "is_clipped": false,
              "element_type": "Block"
            },
            {
              "name": "left-content",
              "children": [
                {
                  "name": "first_name",
                  "element_type": "InputGroup",
                  "children": [
                    {
                      "name": "First name",
                      "font_family": "Calibri",
                      "font_style": "Regular",
                      "font_size": 10,
                      "content_type": "Normal",
                      "align": "Left",
                      "element_type": "Content"
                    },
                    {
                      "name": "John",
                      "font_family": "Calibri",
                      "font_style": "Regular",
                      "font_size": 10,
                      "content_type": "Normal",
                      "align": "Center",
                      "element_type": "Content"
                    }
                  ],
                  "label_border": "None",
                  "input_border": "Square",
                  "border_size": 3,
                  "border_color": "Black"
                },
                {
                  "name": "middle_name",
                  "element_type": "InputGroup",
                  "children": [
                    {
                      "name": "Middle name",
                      "font_family": "Calibri",
                      "font_style": "Regular",
                      "font_size": 10,
                      "content_type": "Normal",
                      "align": "Left",
                      "element_type": "Content"
                    },
                    {
                      "name": "Gavin",
                      "font_family": "Calibri",
                      "font_style": "Regular",
                      "font_size": 10,
                      "content_type": "Normal",
                      "align": "Center",
                      "element_type": "Content"
                    }
                  ],
                  "label_border": "None",
                  "input_border": "Square",
                  "border_size": 3,
                  "border_color": "Black"
                },
                {
                  "name": "last_name",
                  "element_type": "InputGroup",
                  "children": [
                    {
                      "name": "Last name",
                      "font_family": "Calibri",
                      "font_style": "Regular",
                      "font_size": 10,
                      "content_type": "Normal",
                      "align": "Left",
                      "element_type": "Content"
                    },
                    {
                      "name": "Malkovich ",
                      "font_family": "Calibri",
                      "font_style": "Regular",
                      "font_size": 10,
                      "content_type": "Normal",
                      "align": "Center",
                      "element_type": "Content"
                    }
                  ],
                  "label_border": "None",
                  "input_border": "Square",
                  "border_size": 3,
                  "border_color": "Black"
                },
                {
                  "name": "school",
                  "element_type": "InputGroup",
                  "children": [
                    {
                      "name": "School",
                      "font_family": "Calibri",
                      "font_style": "Regular",
                      "font_size": 10,
                      "content_type": "Normal",
                      "align": "Left",
                      "element_type": "Content"
                    },
                    {
                      "name": "Aspose High School",
                      "font_family": "Calibri",
                      "font_style": "Regular",
                      "font_size": 10,
                      "content_type": "Normal",
                      "align": "Center",
                      "element_type": "Content"
                    }
                  ],
                  "label_border": "None",
                  "input_border": "Square",
                  "border_size": 3,
                  "border_color": "Black"
                }
              ],
              "column": 1,
              "border": "Square",
              "border_size": 3,
              "border_color": "Black",
              "is_clipped": true,
              "element_type": "Block"
            },
            {
              "name": "left_space",
              "children": [
                {
                  "name": "",
                  "height": 25,
                  "element_type": "EmptyLine"
                }
              ],
              "column": 1,
              "border": "None",
              "border_size": 3,
              "border_color": "Black",
              "is_clipped": false,
              "element_type": "Block"
            },
            {
              "name": "left_section_1_header",
              "children": [
                {
                  "name": "Section 1",
                  "font_family": "Calibri",
                  "font_style": [
                    "Bold",
                    "Italic"
                  ],
                  "font_size": 12,
                  "content_type": "Normal",
                  "align": "Center",
                  "element_type": "Content"
                }
              ],
              "column": 1,
              "border": "Square",
              "border_size": 3,
              "border_color": "Black",
              "is_clipped": false,
              "element_type": "Block"
            },
            {
              "name": "left_section_1_content",
              "children": [
                {
                  "name": "25",
                  "height": 25,
                  "element_type": "EmptyLine"
                },
                {
                  "name": "SEC1.",
                  "column": 1,
                  "sections_count": 10,
                  "options_count": 6,
                  "align": "Center",
                  "header_type": "Underline",
                  "header_border_size": 3,
                  "header_border_color": "Black",
                  "orientation": "Horizontal",
                  "vertical_margin": 0,
                  "bubble_size": "Normal",
                  "bubble_type": "Round",
                  "x": -1,
                  "y": -1,
                  "element_type": "Grid"
                },
                {
                  "name": "25",
                  "height": 25,
                  "element_type": "EmptyLine"
                }
              ],
              "column": 1,
              "border": "Square",
              "border_size": 3,
              "border_color": "Black",
              "is_clipped": false,
              "element_type": "Block"
            },
            {
              "name": "left_space",
              "children": [
                {
                  "name": "",
                  "height": 25,
                  "element_type": "EmptyLine"
                }
              ],
              "column": 1,
              "border": "None",
              "border_size": 3,
              "border_color": "Black",
              "is_clipped": false,
              "element_type": "Block"
            },
            {
              "name": "left_section_2_header",
              "children": [
                {
                  "name": "Section 2",
                  "font_family": "Calibri",
                  "font_style": [
                    "Bold",
                    "Italic"
                  ],
                  "font_size": 12,
                  "content_type": "Normal",
                  "align": "Center",
                  "element_type": "Content"
                }
              ],
              "column": 1,
              "border": "Square",
              "border_size": 3,
              "border_color": "Black",
              "is_clipped": false,
              "element_type": "Block"
            },
            {
              "name": "left_section_2_content",
              "children": [
                {
                  "name": "25",
                  "height": 25,
                  "element_type": "EmptyLine"
                },
                {
                  "name": "SEC2.",
                  "column": 1,
                  "sections_count": 10,
                  "options_count": 6,
                  "align": "Center",
                  "header_type": "Underline",
                  "header_border_size": 3,
                  "header_border_color": "Black",
                  "orientation": "Horizontal",
                  "vertical_margin": 0,
                  "bubble_size": "Normal",
                  "bubble_type": "Round",
                  "x": -1,
                  "y": -1,
                  "element_type": "Grid"
                },
                {
                  "name": "25",
                  "height": 25,
                  "element_type": "EmptyLine"
                }
              ],
              "column": 1,
              "border": "Square",
              "border_size": 3,
              "border_color": "Black",
              "is_clipped": false,
              "element_type": "Block"
            },
            {
              "name": "left_footer",
              "children": [
                {
                  "name": "25",
                  "height": 25,
                  "element_type": "EmptyLine"
                },
                {
                  "name": "test_id",
                  "value": "15478977",
                  "barcode_type": "Code32",
                  "qr_version": "Auto",
                  "align": "Center",
                  "height": -1,
                  "codetext": true,
                  "X": -1,
                  "Y": -1,
                  "element_type": "Barcode"
                }
              ],
              "column": 1,
              "border": "None",
              "border_size": 3,
              "border_color": "Black",
              "is_clipped": false,
              "element_type": "Block"
            },
            {
              "name": "right-header",
              "children": [
                {
                  "name": "",
                  "children": [
                    {
                      "align": "Center",
                      "name": "logo.jpg",
                      "image_path": null,
                      "x": -1,
                      "y": -1,
                      "height": 200,
                      "width": 200,
                      "element_type": "Image"
                    },
                    {
                      "name": "Aspose Board",
                      "font_family": "Calibri",
                      "font_style": "Bold",
                      "font_size": 18,
                      "content_type": "Normal",
                      "align": "Center",
                      "element_type": "Content"
                    },
                    {
                      "name": "of education",
                      "font_family": "Calibri",
                      "font_style": "Bold",
                      "font_size": 18,
                      "content_type": "Normal",
                      "align": "Center",
                      "element_type": "Content"
                    },
                    {
                      "name": "Personalized Test",
                      "font_family": "Calibri",
                      "font_style": "Bold",
                      "font_size": 12,
                      "content_type": "Normal",
                      "align": "Center",
                      "element_type": "Content"
                    }
                  ],
                  "paragraph_type": "Normal",
                  "element_type": "Paragraph"
                }
              ],
              "column": 3,
              "border": "None",
              "border_size": 3,
              "border_color": "Black",
              "is_clipped": false,
              "element_type": "Block"
            },
            {
              "name": "right-header",
              "children": [
                {
                  "name": "Personal Info",
                  "font_family": "Calibri",
                  "font_style": [
                    "Bold",
                    "Italic"
                  ],
                  "font_size": 12,
                  "content_type": "Normal",
                  "align": "Center",
                  "element_type": "Content"
                }
              ],
              "column": 3,
              "border": "Square",
              "border_size": 3,
              "border_color": "Black",
              "is_clipped": false,
              "element_type": "Block"
            },
            {
              "name": "right-header-description",
              "children": [
                {
                  "name": "Please check your name and school. Make sure it is your personal information. Make sure spelling is correct.",
                  "font_family": "Calibri",
                  "font_style": "Italic",
                  "font_size": 6,
                  "content_type": "Normal",
                  "align": "Right",
                  "element_type": "Content"
                }
              ],
              "column": 3,
              "border": "Square",
              "border_size": 3,
              "border_color": "Black",
              "is_clipped": false,
              "element_type": "Block"
            },
            {
              "name": "right-personal-content",
              "children": [
                {
                  "name": "first_name",
                  "element_type": "InputGroup",
                  "children": [
                    {
                      "name": "First name",
                      "font_family": "Calibri",
                      "font_style": "Regular",
                      "font_size": 10,
                      "content_type": "Normal",
                      "align": "Left",
                      "element_type": "Content"
                    },
                    {
                      "name": "Andrew",
                      "font_family": "Calibri",
                      "font_style": "Regular",
                      "font_size": 10,
                      "content_type": "Normal",
                      "align": "Center",
                      "element_type": "Content"
                    }
                  ],
                  "label_border": "None",
                  "input_border": "Square",
                  "border_size": 3,
                  "border_color": "Black"
                },
                {
                  "name": "middle_name",
                  "element_type": "InputGroup",
                  "children": [
                    {
                      "name": "Middle name",
                      "font_family": "Calibri",
                      "font_style": "Regular",
                      "font_size": 10,
                      "content_type": "Normal",
                      "align": "Left",
                      "element_type": "Content"
                    },
                    {
                      "name": "Willson",
                      "font_family": "Calibri",
                      "font_style": "Regular",
                      "font_size": 10,
                      "content_type": "Normal",
                      "align": "Center",
                      "element_type": "Content"
                    }
                  ],
                  "label_border": "None",
                  "input_border": "Square",
                  "border_size": 3,
                  "border_color": "Black"
                },
                {
                  "name": "last_name",
                  "element_type": "InputGroup",
                  "children": [
                    {
                      "name": "Last name",
                      "font_family": "Calibri",
                      "font_style": "Regular",
                      "font_size": 10,
                      "content_type": "Normal",
                      "align": "Left",
                      "element_type": "Content"
                    },
                    {
                      "name": "Smith ",
                      "font_family": "Calibri",
                      "font_style": "Regular",
                      "font_size": 10,
                      "content_type": "Normal",
                      "align": "Center",
                      "element_type": "Content"
                    }
                  ],
                  "label_border": "None",
                  "input_border": "Square",
                  "border_size": 3,
                  "border_color": "Black"
                },
                {
                  "name": "school",
                  "element_type": "InputGroup",
                  "children": [
                    {
                      "name": "School",
                      "font_family": "Calibri",
                      "font_style": "Regular",
                      "font_size": 10,
                      "content_type": "Normal",
                      "align": "Left",
                      "element_type": "Content"
                    },
                    {
                      "name": "Aspose High School",
                      "font_family": "Calibri",
                      "font_style": "Regular",
                      "font_size": 10,
                      "content_type": "Normal",
                      "align": "Center",
                      "element_type": "Content"
                    }
                  ],
                  "label_border": "None",
                  "input_border": "Square",
                  "border_size": 3,
                  "border_color": "Black"
                }
              ],
              "column": 3,
              "border": "Square",
              "border_size": 3,
              "border_color": "Black",
              "is_clipped": true,
              "element_type": "Block"
            },
            {
              "name": "right_space",
              "children": [
                {
                  "name": "",
                  "height": 25,
                  "element_type": "EmptyLine"
                }
              ],
              "column": 3,
              "border": "None",
              "border_size": 3,
              "border_color": "Black",
              "is_clipped": false,
              "element_type": "Block"
            },
            {
              "name": "right_section_1_header",
              "children": [
                {
                  "name": "Section 1",
                  "font_family": "Calibri",
                  "font_style": [
                    "Bold",
                    "Italic"
                  ],
                  "font_size": 12,
                  "content_type": "Normal",
                  "align": "Center",
                  "element_type": "Content"
                }
              ],
              "column": 3,
              "border": "Square",
              "border_size": 3,
              "border_color": "Black",
              "is_clipped": false,
              "element_type": "Block"
            },
            {
              "name": "right_section_1_content",
              "children": [
                {
                  "name": "25",
                  "height": 25,
                  "element_type": "EmptyLine"
                },
                {
                  "name": "SEC1.",
                  "column": 3,
                  "sections_count": 10,
                  "options_count": 6,
                  "align": "Center",
                  "header_type": "Underline",
                  "header_border_size": 3,
                  "header_border_color": "Black",
                  "orientation": "Horizontal",
                  "vertical_margin": 0,
                  "bubble_size": "Normal",
                  "bubble_type": "Round",
                  "x": -1,
                  "y": -1,
                  "element_type": "Grid"
                },
                {
                  "name": "25",
                  "height": 25,
                  "element_type": "EmptyLine"
                }
              ],
              "column": 3,
              "border": "Square",
              "border_size": 3,
              "border_color": "Black",
              "is_clipped": false,
              "element_type": "Block"
            },
            {
              "name": "right_space",
              "children": [
                {
                  "name": "",
                  "height": 25,
                  "element_type": "EmptyLine"
                }
              ],
              "column": 3,
              "border": "None",
              "border_size": 3,
              "border_color": "Black",
              "is_clipped": false,
              "element_type": "Block"
            },
            {
              "name": "right_section_2_header",
              "children": [
                {
                  "name": "Section 2",
                  "font_family": "Calibri",
                  "font_style": [
                    "Bold",
                    "Italic"
                  ],
                  "font_size": 12,
                  "content_type": "Normal",
                  "align": "Center",
                  "element_type": "Content"
                }
              ],
              "column": 3,
              "border": "Square",
              "border_size": 3,
              "border_color": "Black",
              "is_clipped": false,
              "element_type": "Block"
            },
            {
              "name": "right_section_2_content",
              "children": [
                {
                  "name": "25",
                  "height": 25,
                  "element_type": "EmptyLine"
                },
                {
                  "name": "SEC2.",
                  "column": 3,
                  "sections_count": 10,
                  "options_count": 6,
                  "align": "Center",
                  "header_type": "Underline",
                  "header_border_size": 3,
                  "header_border_color": "Black",
                  "orientation": "Horizontal",
                  "vertical_margin": 0,
                  "bubble_size": "Normal",
                  "bubble_type": "Round",
                  "x": -1,
                  "y": -1,
                  "element_type": "Grid"
                },
                {
                  "name": "25",
                  "height": 25,
                  "element_type": "EmptyLine"
                }
              ],
              "column": 3,
              "border": "Square",
              "border_size": 3,
              "border_color": "Black",
              "is_clipped": false,
              "element_type": "Block"
            },
            {
              "name": "right_footer",
              "children": [
                {
                  "name": "25",
                  "height": 25,
                  "element_type": "EmptyLine"
                },
                {
                  "name": "test_id",
                  "value": "15478977",
                  "barcode_type": "Code32",
                  "qr_version": "Auto",
                  "align": "Center",
                  "height": -1,
                  "codetext": true,
                  "X": -1,
                  "Y": -1,
                  "element_type": "Barcode"
                }
              ],
              "column": 3,
              "border": "None",
              "border_size": 3,
              "border_color": "Black",
              "is_clipped": false,
              "element_type": "Block"
            }
          ],
          "columns_count": 0,
          "columns_proportions": [
            46,
            8,
            46
          ],
          "container_type": "Normal",
          "block_right_margin": 0,
          "block_bottom_margin": 0,
          "block_top_padding": 0,
          "element_type": "Container"
        },
        {
          "align": "Center",
          "name": "tear-line.png",
          "image_path": null,
          "x": 1200,
          "y": 0,
          "height": 3295,
          "width": 150,
          "element_type": "Image"
        }
      ],
      "element_type": "Page"
    }
  ],
  "element_type": "Template"
}