{
  "name": null,
  "children": [
    {
      "name": null,
      "children": [
        {
          "align": "Center",
          "name": "logo.jpg",
          "image_path": null,
          "x": -1,
          "y": -1,
          "height": 200,
          "width": 200,
          "element_type": "Image"
        },
        {
          "name": "Aspose Board of education\r\n",
          "font_family": "Calibri",
          "font_style": "Bold",
          "font_size": 18,
          "align": "Center",
          "element_type": "Text"
        },
        {
          "name": "Personalized test\r\n",
          "font_family": "Calibri",
          "font_style": "Bold",
          "font_size": 12,
          "align": "Center",
          "element_type": "Text"
        },
        {
          "name": "100",
          "height": 100,
          "element_type": "EmptyLine"
        },
        {
          "name": "first",
          "children": [
            {
              "name": "left-header",
              "children": [
                {
                  "name": "Personal Info",
                  "font_family": "Calibri",
                  "font_style": [
                    "Bold",
                    "Italic"
                  ],
                  "font_size": 12,
                  "content_type": "Normal",
                  "align": "Center",
                  "element_type": "Content"
                },
                {
                  "name": "30",
                  "height": 30,
                  "element_type": "EmptyLine"
                }
              ],
              "column": 1,
              "border": "Square",
              "border_size": 3,
              "border_color": "Black",
              "is_clipped": false,
              "element_type": "Block"
            },
            {
              "name": "left-header",
              "children": [
                {
                  "name": "Please check your name and school. Make sure it is your personnal information. Make sure spelling is correct.",
                  "font_family": "Calibri",
                  "font_style": "Italic",
                  "font_size": 6,
                  "content_type": "Normal",
                  "align": "Right",
                  "element_type": "Content"
                }
              ],
              "column": 1,
              "border": "Square",
              "border_size": 3,
              "border_color": "Black",
              "is_clipped": false,
              "element_type": "Block"
            },
            {
              "name": "left-content",
              "children": [
                {
                  "name": "50",
                  "height": 25,
                  "element_type": "EmptyLine"
                },
                {
                  "name": "first_name",
                  "element_type": "InputGroup",
                  "children": [
                    {
                      "name": "First name",
                      "font_family": "Calibri",
                      "font_style": "Regular",
                      "font_size": 9,
                      "content_type": "Normal",
                      "align": "Left",
                      "element_type": "Content"
                    },
                    {
                      "name": "John",
                      "font_family": "Calibri",
                      "font_style": "Regular",
                      "font_size": 9,
                      "content_type": "Normal",
                      "align": "Center",
                      "element_type": "Content"
                    }
                  ],
                  "label_border": "None",
                  "input_border": "Square",
                  "border_size": 3,
                  "border_color": "Black"
                },
                {
                  "name": "middle_name",
                  "element_type": "InputGroup",
                  "children": [
                    {
                      "name": "Middle name",
                      "font_family": "Calibri",
                      "font_style": "Regular",
                      "font_size": 9,
                      "content_type": "Normal",
                      "align": "Left",
                      "element_type": "Content"
                    },
                    {
                      "name": "Gavin",
                      "font_family": "Calibri",
                      "font_style": "Regular",
                      "font_size": 9,
                      "content_type": "Normal",
                      "align": "Center",
                      "element_type": "Content"
                    }
                  ],
                  "label_border": "None",
                  "input_border": "Square",
                  "border_size": 3,
                  "border_color": "Black"
                },
                {
                  "name": "last_name",
                  "element_type": "InputGroup",
                  "children": [
                    {
                      "name": "Last name",
                      "font_family": "Calibri",
                      "font_style": "Regular",
                      "font_size": 9,
                      "content_type": "Normal",
                      "align": "Left",
                      "element_type": "Content"
                    },
                    {
                      "name": "Malkovich ",
                      "font_family": "Calibri",
                      "font_style": "Regular",
                      "font_size": 9,
                      "content_type": "Normal",
                      "align": "Center",
                      "element_type": "Content"
                    }
                  ],
                  "label_border": "None",
                  "input_border": "Square",
                  "border_size": 3,
                  "border_color": "Black"
                },
                {
                  "name": "school",
                  "element_type": "InputGroup",
                  "children": [
                    {
                      "name": "School",
                      "font_family": "Calibri",
                      "font_style": "Regular",
                      "font_size": 9,
                      "content_type": "Normal",
                      "align": "Left",
                      "element_type": "Content"
                    },
                    {
                      "name": "Aspose High School",
                      "font_family": "Calibri",
                      "font_style": "Regular",
                      "font_size": 9,
                      "content_type": "Normal",
                      "align": "Center",
                      "element_type": "Content"
                    }
                  ],
                  "label_border": "None",
                  "input_border": "Square",
                  "border_size": 3,
                  "border_color": "Black"
                }
              ],
              "column": 1,
              "border": "Square",
              "border_size": 3,
              "border_color": "Black",
              "is_clipped": true,
              "element_type": "Block"
            },
            {
              "name": "left_footer",
              "children": [
                {
                  "name": "50",
                  "height": 100,
                  "element_type": "EmptyLine"
                },
                {
                  "name": "test_id",
                  "value": "15478977",
                  "barcode_type": "Code32",
                  "qr_version": "Auto",
                  "align": "Center",
                  "height": -1,
                  "codetext": true,
                  "X": -1,
                  "Y": -1,
                  "element_type": "Barcode"
                }
              ],
              "column": 1,
              "border": "None",
              "border_size": 3,
              "border_color": "Black",
              "is_clipped": false,
              "element_type": "Block"
            },
            {
              "name": "middle_header",
              "children": [
                {
                  "name": "Section 1",
                  "font_family": "Calibri",
                  "font_style": [
                    "Bold",
                    "Italic"
                  ],
                  "font_size": 12,
                  "content_type": "Normal",
                  "align": "Center",
                  "element_type": "Content"
                },
                {
                  "name": "50",
                  "height": 50,
                  "element_type": "EmptyLine"
                }
              ],
              "column": 3,
              "border": "Square",
              "border_size": 3,
              "border_color": "Black",
              "is_clipped": false,
              "element_type": "Block"
            },
            {
              "name": "middle_content",
              "children": [
                {
                  "name": "25",
                  "height": 25,
                  "element_type": "EmptyLine"
                },
                {
                  "name": "SEC1",
                  "column": 3,
                  "sections_count": 6,
                  "options_count": 6,
                  "align": "Center",
                  "header_type": "Underline",
                  "header_border_size": 3,
                  "header_border_color": "Black",
                  "orientation": "Horizontal",
                  "vertical_margin": 0,
                  "bubble_size": "Normal",
                  "bubble_type": "Round",
                  "x": -1,
                  "y": -1,
                  "element_type": "Grid"
                }
              ],
              "column": 3,
              "border": "Square",
              "border_size": 3,
              "border_color": "Black",
              "is_clipped": false,
              "element_type": "Block"
            },
            {
              "name": "right_header",
              "children": [
                {
                  "name": "Section 2",
                  "font_family": "Calibri",
                  "font_style": [
                    "Bold",
                    "Italic"
                  ],
                  "font_size": 12,
                  "content_type": "Normal",
                  "align": "Center",
                  "element_type": "Content"
                },
                {
                  "name": "50",
                  "height": 50,
                  "element_type": "EmptyLine"
                }
              ],
              "column": 5,
              "border": "Square",
              "border_size": 3,
              "border_color": "Black",
              "is_clipped": false,
              "element_type": "Block"
            },
            {
              "name": "right_content",
              "children": [
                {
                  "name": "25",
                  "height": 25,
                  "element_type": "EmptyLine"
                },
                {
                  "name": "SEC2",
                  "column": 5,
                  "sections_count": 6,
                  "options_count": 6,
                  "align": "Center",
                  "header_type": "Underline",
                  "header_border_size": 3,
                  "header_border_color": "Black",
                  "orientation": "Horizontal",
                  "vertical_margin": 0,
                  "bubble_size": "Normal",
                  "bubble_type": "Round",
                  "x": -1,
                  "y": -1,
                  "element_type": "Grid"
                }
              ],
              "column": 5,
              "border": "Square",
              "border_size": 3,
              "border_color": "Black",
              "is_clipped": false,
              "element_type": "Block"
            }
          ],
          "columns_count": 0,
          "columns_proportions": [
            36,
            2,
            30,
            2,
            30
          ],
          "container_type": "Normal",
          "block_right_margin": 20,
          "block_bottom_margin": 0,
          "block_top_padding": 0,
          "element_type": "Container"
        },
        {
          "align": "Center",
          "name": "tear-line-small.png",
          "image_path": null,
          "x": 0,
          "y": 1550,
          "height": 200,
          "width": 2551,
          "element_type": "Image"
        },
        {
          "align": "Center",
          "name": "logo.jpg",
          "image_path": null,
          "x": -1,
          "y": -1,
          "height": 200,
          "width": 200,
          "element_type": "Image"
        },
        {
          "name": "Aspose Board of education\r\n",
          "font_family": "Calibri",
          "font_style": "Bold",
          "font_size": 18,
          "align": "Center",
          "element_type": "Text"
        },
        {
          "name": "Personalized test\r\n",
          "font_family": "Calibri",
          "font_style": "Bold",
          "font_size": 12,
          "align": "Center",
          "element_type": "Text"
        },
        {
          "name": "100",
          "height": 100,
          "element_type": "EmptyLine"
        },
        {
          "name": "second",
          "children": [
            {
              "name": "left-header",
              "children": [
                {
                  "name": "Personal Info",
                  "font_family": "Calibri",
                  "font_style": [
                    "Bold",
                    "Italic"
                  ],
                  "font_size": 12,
                  "content_type": "Normal",
                  "align": "Center",
                  "element_type": "Content"
                },
                {
                  "name": "50",
                  "height": 30,
                  "element_type": "EmptyLine"
                }
              ],
              "column": 1,
              "border": "Square",
              "border_size": 3,
              "border_color": "Black",
              "is_clipped": false,
              "element_type": "Block"
            },
            {
              "name": "left-header",
              "children": [
                {
                  "name": "Please check your name and school. Make sure it is your personal information. Make sure spelling is correct.",
                  "font_family": "Calibri",
                  "font_style": "Italic",
                  "font_size": 6,
                  "content_type": "Normal",
                  "align": "Right",
                  "element_type": "Content"
                }
              ],
              "column": 1,
              "border": "Square",
              "border_size": 3,
              "border_color": "Black",
              "is_clipped": false,
              "element_type": "Block"
            },
            {
              "name": "left-content",
              "children": [
                {
                  "name": "50",
                  "height": 25,
                  "element_type": "EmptyLine"
                },
                {
                  "name": "first_name",
                  "element_type": "InputGroup",
                  "children": [
                    {
                      "name": "First name",
                      "font_family": "Calibri",
                      "font_style": "Regular",
                      "font_size": 9,
                      "content_type": "Normal",
                      "align": "Left",
                      "element_type": "Content"
                    },
                    {
                      "name": "Andrew",
                      "font_family": "Calibri",
                      "font_style": "Regular",
                      "font_size": 9,
                      "content_type": "Normal",
                      "align": "Center",
                      "element_type": "Content"
                    }
                  ],
                  "label_border": "None",
                  "input_border": "Square",
                  "border_size": 3,
                  "border_color": "Black"
                },
                {
                  "name": "middle_name",
                  "element_type": "InputGroup",
                  "children": [
                    {
                      "name": "Middle name",
                      "font_family": "Calibri",
                      "font_style": "Regular",
                      "font_size": 9,
                      "content_type": "Normal",
                      "align": "Left",
                      "element_type": "Content"
                    },
                    {
                      "name": "Willson",
                      "font_family": "Calibri",
                      "font_style": "Regular",
                      "font_size": 9,
                      "content_type": "Normal",
                      "align": "Center",
                      "element_type": "Content"
                    }
                  ],
                  "label_border": "None",
                  "input_border": "Square",
                  "border_size": 3,
                  "border_color": "Black"
                },
                {
                  "name": "last_name",
                  "element_type": "InputGroup",
                  "children": [
                    {
                      "name": "Last name",
                      "font_family": "Calibri",
                      "font_style": "Regular",
                      "font_size": 9,
                      "content_type": "Normal",
                      "align": "Left",
                      "element_type": "Content"
                    },
                    {
                      "name": "Smith ",
                      "font_family": "Calibri",
                      "font_style": "Regular",
                      "font_size": 9,
                      "content_type": "Normal",
                      "align": "Center",
                      "element_type": "Content"
                    }
                  ],
                  "label_border": "None",
                  "input_border": "Square",
                  "border_size": 3,
                  "border_color": "Black"
                },
                {
                  "name": "school",
                  "element_type": "InputGroup",
                  "children": [
                    {
                      "name": "School",
                      "font_family": "Calibri",
                      "font_style": "Regular",
                      "font_size": 9,
                      "content_type": "Normal",
                      "align": "Left",
                      "element_type": "Content"
                    },
                    {
                      "name": "Aspose High School",
                      "font_family": "Calibri",
                      "font_style": "Regular",
                      "font_size": 9,
                      "content_type": "Normal",
                      "align": "Center",
                      "element_type": "Content"
                    }
                  ],
                  "label_border": "None",
                  "input_border": "Square",
                  "border_size": 3,
                  "border_color": "Black"
                }
              ],
              "column": 1,
              "border": "Square",
              "border_size": 3,
              "border_color": "Black",
              "is_clipped": true,
              "element_type": "Block"
            },
            {
              "name": "left_footer",
              "children": [
                {
                  "name": "50",
                  "height": 100,
                  "element_type": "EmptyLine"
                },
                {
                  "name": "test_id",
                  "value": "15478978",
                  "barcode_type": "Code32",
                  "qr_version": "Auto",
                  "align": "Center",
                  "height": -1,
                  "codetext": true,
                  "X": -1,
                  "Y": -1,
                  "element_type": "Barcode"
                }
              ],
              "column": 1,
              "border": "None",
              "border_size": 3,
              "border_color": "Black",
              "is_clipped": false,
              "element_type": "Block"
            },
            {
              "name": "middle_header",
              "children": [
                {
                  "name": "Section 1",
                  "font_family": "Calibri",
                  "font_style": [
                    "Bold",
                    "Italic"
                  ],
                  "font_size": 12,
                  "content_type": "Normal",
                  "align": "Center",
                  "element_type": "Content"
                },
                {
                  "name": "50",
                  "height": 50,
                  "element_type": "EmptyLine"
                }
              ],
              "column": 3,
              "border": "Square",
              "border_size": 3,
              "border_color": "Black",
              "is_clipped": false,
              "element_type": "Block"
            },
            {
              "name": "middle_content",
              "children": [
                {
                  "name": "25",
                  "height": 25,
                  "element_type": "EmptyLine"
                },
                {
                  "name": "SEC1",
                  "column": 3,
                  "sections_count": 6,
                  "options_count": 6,
                  "align": "Center",
                  "header_type": "Underline",
                  "header_border_size": 3,
                  "header_border_color": "Black",
                  "orientation": "Horizontal",
                  "vertical_margin": 0,
                  "bubble_size": "Normal",
                  "bubble_type": "Round",
                  "x": -1,
                  "y": -1,
                  "element_type": "Grid"
                }
              ],
              "column": 3,
              "border": "Square",
              "border_size": 3,
              "border_color": "Black",
              "is_clipped": false,
              "element_type": "Block"
            },
            {
              "name": "right_header",
              "children": [
                {
                  "name": "Section 2",
                  "font_family": "Calibri",
                  "font_style": [
                    "Bold",
                    "Italic"
                  ],
                  "font_size": 12,
                  "content_type": "Normal",
                  "align": "Center",
                  "element_type": "Content"
                },
                {
                  "name": "50",
                  "height": 50,
                  "element_type": "EmptyLine"
                }
              ],
              "column": 5,
              "border": "Square",
              "border_size": 3,
              "border_color": "Black",
              "is_clipped": false,
              "element_type": "Block"
            },
            {
              "name": "right_content",
              "children": [
                {
                  "name": "25",
                  "height": 25,
                  "element_type": "EmptyLine"
                },
                {
                  "name": "SEC2",
                  "column": 5,
                  "sections_count": 6,
                  "options_count": 6,
                  "align": "Center",
                  "header_type": "Underline",
                  "header_border_size": 3,
                  "header_border_color": "Black",
                  "orientation": "Horizontal",
                  "vertical_margin": 0,
                  "bubble_size": "Normal",
                  "bubble_type": "Round",
                  "x": -1,
                  "y": -1,
                  "element_type": "Grid"
                }
              ],
              "column": 5,
              "border": "Square",
              "border_size": 3,
              "border_color": "Black",
              "is_clipped": false,
              "element_type": "Block"
            }
          ],
          "columns_count": 0,
          "columns_proportions": [
            36,
            2,
            30,
            2,
            30
          ],
          "container_type": "Normal",
          "block_right_margin": 20,
          "block_bottom_margin": 0,
          "block_top_padding": 0,
          "element_type": "Container"
        }
      ],
      "element_type": "Page"
    }
  ],
  "element_type": "Template"
}