Element Name,Value,
MainQuestions1,"B"
MainQuestions2,""
MainQuestions3,""
MainQuestions4,""
MainQuestions5,"B"
MainQuestions6,""
MainQuestions7,""
MainQuestions8,""
MainQuestions9,""
MainQuestions10,""
MainQuestions11,""
MainQuestions12,""
MainQuestions13,""
MainQuestions14,"B"
MainQuestions15,""
MainQuestions16,""
MainQuestions17,""
MainQuestions18,""
MainQuestions19,""
MainQuestions20,""
MainQuestions21,""
MainQuestions22,""
MainQuestions23,"B"
MainQuestions24,""
MainQuestions25,""
MainQuestions26,""
MainQuestions27,""
MainQuestions28,"C"
MainQuestions29,""
MainQuestions30,""
MainQuestions31,""
MainQuestions32,""
MainQuestions33,"C"
MainQuestions34,""
MainQuestions35,""
MainQuestions36,""
MainQuestions37,""
MainQuestions38,""
MainQuestions39,""
MainQuestions40,""
MainQuestions40,""
MainQuestions41,""
MainQuestions42,""
MainQuestions43,""
MainQuestions44,""
MainQuestions45,"B"
MainQuestions46,""
MainQuestions47,""
MainQuestions48,""
MainQuestions49,""
MainQuestions50,""
MainQuestions51,"B"
MainQuestions52,""
MainQuestions53,""
MainQuestions54,""
MainQuestions55,""
MainQuestions56,""
MainQuestions57,""
MainQuestions58,""
MainQuestions59,""
MainQuestions60,"B"
MainQuestions61,""
MainQuestions62,""
MainQuestions63,""
MainQuestions64,""
MainQuestions65,""
MainQuestions66,"C"
MainQuestions67,""
MainQuestions68,""
MainQuestions69,""
MainQuestions70,""
MainQuestions71,""
MainQuestions72,""
MainQuestions73,""
MainQuestions74,""
MainQuestions75,""
MainQuestions76,""
MainQuestions77,"B"
MainQuestions78,""
MainQuestions79,""
MainQuestions80,"A"
MainQuestions81,""
MainQuestions82,""
MainQuestions83,""
MainQuestions84,""
MainQuestions85,""
MainQuestions86,""
MainQuestions87,"B"
MainQuestions88,"B"
MainQuestions89,""
MainQuestions90,""
MainQuestions91,""
MainQuestions92,""
MainQuestions93,""
MainQuestions94,""
MainQuestions95,""
MainQuestions96,""
MainQuestions97,""
MainQuestions98,""
MainQuestions99,"B"
MainQuestions100,""
MainQuestions101,""
MainQuestions102,""
MainQuestions103,""
MainQuestions104,""
MainQuestions105,""
MainQuestions106,""
MainQuestions107,"B"
MainQuestions108,""
MainQuestions109,""
MainQuestions110,"B"
MainQuestions111,""
MainQuestions112,""
MainQuestions113,""
MainQuestions114,""
MainQuestions115,"B"
MainQuestions116,""
MainQuestions117,""
MainQuestions118,""
MainQuestions119,""
StudentId,"343321"
test_id,"154789770"
