Element Name,Value,
MainQuestions1,""
MainQuestions2,""
MainQuestions3,"C"
MainQuestions4,""
MainQuestions5,"B"
MainQuestions6,""
MainQuestions7,"B"
MainQuestions8,""
MainQuestions9,""
MainQuestions10,"B"
MainQuestions11,""
MainQuestions12,""
MainQuestions13,""
MainQuestions14,""
MainQuestions15,""
MainQuestions16,""
MainQuestions17,""
MainQuestions18,"C"
MainQuestions19,""
MainQuestions20,""
MainQuestions21,"B"
MainQuestions22,""
MainQuestions23,""
MainQuestions24,""
MainQuestions25,""
MainQuestions26,""
MainQuestions27,"C"
MainQuestions28,""
MainQuestions29,""
MainQuestions30,"B"
MainQuestions31,""
MainQuestions32,""
MainQuestions33,""
MainQuestions34,""
MainQuestions35,""
MainQuestions36,""
MainQuestions37,"B"
MainQuestions38,""
MainQuestions39,""
MainQuestions40,""
MainQuestions40,""
MainQuestions41,""
MainQuestions42,"C"
MainQuestions43,""
MainQuestions44,""
MainQuestions45,""
MainQuestions46,""
MainQuestions47,""
MainQuestions48,""
MainQuestions49,"B"
MainQuestions50,""
MainQuestions51,""
MainQuestions52,""
MainQuestions53,""
MainQuestions54,""
MainQuestions55,""
MainQuestions56,""
MainQuestions57,""
MainQuestions58,"B"
MainQuestions59,""
MainQuestions60,""
MainQuestions61,""
MainQuestions62,""
MainQuestions63,"B"
MainQuestions64,""
MainQuestions65,""
MainQuestions66,""
MainQuestions67,"B"
MainQuestions68,""
MainQuestions69,""
MainQuestions70,""
MainQuestions71,""
MainQuestions72,""
MainQuestions73,""
MainQuestions74,""
MainQuestions75,""
MainQuestions76,""
MainQuestions77,""
MainQuestions78,""
MainQuestions79,""
MainQuestions80,"A"
MainQuestions81,""
MainQuestions82,""
MainQuestions83,"C"
MainQuestions84,""
MainQuestions85,""
MainQuestions86,""
MainQuestions87,""
MainQuestions88,""
MainQuestions89,"D"
MainQuestions90,""
MainQuestions91,""
MainQuestions92,"B"
MainQuestions93,""
MainQuestions94,""
MainQuestions95,""
MainQuestions96,""
MainQuestions97,""
MainQuestions98,""
MainQuestions99,""
MainQuestions100,""
MainQuestions101,""
MainQuestions102,""
MainQuestions103,"A"
MainQuestions104,"D"
MainQuestions105,""
MainQuestions106,""
MainQuestions107,""
MainQuestions108,"C"
MainQuestions109,""
MainQuestions110,""
MainQuestions111,""
MainQuestions112,"D"
MainQuestions113,""
MainQuestions114,""
MainQuestions115,""
MainQuestions116,""
MainQuestions117,""
MainQuestions118,""
MainQuestions119,"A"
StudentId,"13527"
test_id,"154789770"
