{
    "children": [{
            "children": [{
                    "align": "Center",
                    "name": "logo.jpg",
                    "x": 1169,
                    "y": 100,
                    "height": 200,
                    "width": 200,
                    "element_type": "Image"
                }, {
                    "name": "Aspose University ",
                    "font_style": "Bold",
                    "font_size": 16,
                    "align": "Center",
                    "element_type": "Text"
                }, {
                    "name": "Alumni Questionnaire",
                    "font_size": 14,
                    "align": "Center",
                    "element_type": "Text"
                }, {
                    "height": 75,
                    "element_type": "EmptyLine"
                }, {
                    "name": "instructions",
                    "children": [{
                            "children": [{
                                    "name": "Instructions",
                                    "font_style": "Bold",
                                    "font_size": 12,
                                    "align": "Center",
                                    "element_type": "Content"
                                }, {
                                    "name": "height",
                                    "height": 50,
                                    "element_type": "EmptyLine"
                                }, {
                                    "name": "Please fill circle completely, as shown in example:",
                                    "align": "Left",
                                    "element_type": "Content"
                                }, {
                                    "align": "Left",
                                    "name": "example.png",
                                    "height": 280,
                                    "width": 700,
                                    "element_type": "Image"
                                }
                            ],
                            "column": 2,
                            "border": "Rounded",
                            "element_type": "Block"
                        }, {
                            "children": [{
                                    "name": "1. Gender",
                                    "font_style": "Bold",
                                    "font_size": 12,
                                    "align": "Left",
                                    "element_type": "Content"
                                }, {
                                    "name": "Gender",
                                    "children": [{
                                            "name": "Female",
                                            "children": [{
                                                    "name": "Female",
                                                    "align": "Left",
                                                    "element_type": "Content"
                                                }
                                            ],
                                            "bubble_type": "Round",
                                            "element_type": "Answer"
                                        }, {
                                            "name": "Male",
                                            "children": [{
                                                    "name": "Male",
                                                    "align": "Left",
                                                    "element_type": "Content"
                                                }
                                            ],
                                            "bubble_type": "Round",
                                            "element_type": "Answer"
                                        }, {
                                            "name": "Other(specify)",
                                            "children": [{
                                                    "name": "Other(specify)",
                                                    "align": "Left",
                                                    "element_type": "Content"
                                                }, {
                                                    "name": "Gender",
                                                    "element_type": "WriteIn"
                                                }
                                            ],
                                            "bubble_type": "Round",
                                            "element_type": "Answer"
                                        }
                                    ],
                                    "element_type": "VerticalChoiceBox",
                                    "top_padding": 0
                                }
                            ],
                            "column": 1,
                            "element_type": "Block"
                        }
                    ],
                    "columns_count": 2,
                    "container_type": "Normal",
                    "element_type": "Container"
                }, {
                    "height": 50,
                    "element_type": "EmptyLine"
                }, {
                    "name": "2-3",
                    "children": [{
                            "children": [{
                                    "name": "2. Year of Graduation",
                                    "font_style": "Bold",
                                    "font_size": 12,
                                    "align": "Left",
                                    "element_type": "Content"
                                }, {
                                    "height": 25,
                                    "element_type": "EmptyLine"
                                }, {
                                    "bubble_size": "undefined",
                                    "name": "Year",
                                    "columns_count": 4,
                                    "align": "Left",
                                    "header_type": "Square",
                                    "header_border_size": 3,
                                    "header_border_color": "Black",
                                    "orientation": "Horizontal",
                                    "values": [
                                        "0",
                                        "1",
                                        "2",
                                        "3",
                                        "4",
                                        "5",
                                        "6",
                                        "7",
                                        "8",
                                        "9"
                                    ],
                                    "element_type": "CompositeGrid"
                                }
                            ],
                            "column": 1,
                            "element_type": "Block"
                        }, {
                            "children": [{
                                    "name": "3. Major at Graduation(mark all that apply)",
                                    "font_style": "Bold",
                                    "font_size": 12,
                                    "align": "Left",
                                    "element_type": "Content"
                                }, {
                                    "name": "Major at Graduation",
                                    "children": [{
                                            "name": "Biology",
                                            "children": [{
                                                    "name": "Biology",
                                                    "align": "Left",
                                                    "element_type": "Content"
                                                }
                                            ],
                                            "bubble_type": "Round",
                                            "element_type": "Answer"
                                        }, {
                                            "name": "Botany",
                                            "children": [{
                                                    "name": "Botany",
                                                    "align": "Left",
                                                    "element_type": "Content"
                                                }
                                            ],
                                            "bubble_type": "Round",
                                            "element_type": "Answer"
                                        }, {
                                            "name": "Drama",
                                            "children": [{
                                                    "name": "Drama",
                                                    "align": "Left",
                                                    "element_type": "Content"
                                                }
                                            ],
                                            "bubble_type": "Round",
                                            "element_type": "Answer"
                                        }, {
                                            "name": "Education",
                                            "children": [{
                                                    "name": "Education",
                                                    "align": "Left",
                                                    "element_type": "Content"
                                                }
                                            ],
                                            "bubble_type": "Round",
                                            "element_type": "Answer"
                                        }, {
                                            "name": "French",
                                            "children": [{
                                                    "name": "French",
                                                    "align": "Left",
                                                    "element_type": "Content"
                                                }
                                            ],
                                            "bubble_type": "Round",
                                            "element_type": "Answer"
                                        }, {
                                            "name": "General",
                                            "children": [{
                                                    "name": "General",
                                                    "align": "Left",
                                                    "element_type": "Content"
                                                }
                                            ],
                                            "bubble_type": "Round",
                                            "element_type": "Answer"
                                        }, {
                                            "name": "History",
                                            "children": [{
                                                    "name": "History",
                                                    "align": "Left",
                                                    "element_type": "Content"
                                                }
                                            ],
                                            "bubble_type": "Round",
                                            "element_type": "Answer"
                                        }, {
                                            "name": "Drama",
                                            "children": [{
                                                    "name": "Drama",
                                                    "align": "Left",
                                                    "element_type": "Content"
                                                }
                                            ],
                                            "bubble_type": "Round",
                                            "element_type": "Answer"
                                        }, {
                                            "name": "Journalism",
                                            "children": [{
                                                    "name": "Journalism",
                                                    "align": "Left",
                                                    "element_type": "Content"
                                                }
                                            ],
                                            "bubble_type": "Round",
                                            "element_type": "Answer"
                                        }, {
                                            "name": "Mathematics",
                                            "children": [{
                                                    "name": "Mathematics",
                                                    "align": "Left",
                                                    "element_type": "Content"
                                                }
                                            ],
                                            "bubble_type": "Round",
                                            "element_type": "Answer"
                                        }, {
                                            "name": "Physics",
                                            "children": [{
                                                    "name": "Physics",
                                                    "align": "Left",
                                                    "element_type": "Content"
                                                }
                                            ],
                                            "bubble_type": "Round",
                                            "element_type": "Answer"
                                        }, {
                                            "name": "Psychology",
                                            "children": [{
                                                    "name": "Psychology",
                                                    "align": "Left",
                                                    "element_type": "Content"
                                                }
                                            ],
                                            "bubble_type": "Round",
                                            "element_type": "Answer"
                                        }, {
                                            "name": "Spanish",
                                            "children": [{
                                                    "name": "Spanish",
                                                    "align": "Left",
                                                    "element_type": "Content"
                                                }
                                            ],
                                            "bubble_type": "Round",
                                            "element_type": "Answer"
                                        }
                                    ],
                                    "element_type": "VerticalChoiceBox",
                                    "top_padding": 0
                                }
                            ],
                            "column": 2,
                            "element_type": "Block"
                        }, {
                            "children": [{
                                    "name": "4. What was your overall GPA?",
                                    "font_style": "Bold",
                                    "font_size": 12,
                                    "align": "Left",
                                    "element_type": "Content"
                                }, {
                                    "height": 25,
                                    "element_type": "EmptyLine"
                                }, {
                                    "bubble_size": "undefined",
                                    "name": "GPA",
                                    "columns_count": 3,
                                    "align": "Left",
                                    "header_type": "Square",
                                    "header_border_size": 3,
                                    "header_border_color": "Black",
                                    "orientation": "Horizontal",
                                    "values": [
                                        "0",
                                        "1",
                                        "2",
                                        "3",
                                        "4",
                                        "5",
                                        "6",
                                        "7",
                                        "8",
                                        "9"
                                    ],
                                    "element_type": "CompositeGrid"
                                }
                            ],
                            "column": 1,
                            "element_type": "Block"
                        }, {
                            "children": [{
                                    "name": "5. Type of major:",
                                    "font_style": "Bold",
                                    "font_size": 12,
                                    "align": "Left",
                                    "element_type": "Content"
                                }, {
                                    "name": "Type of Major",
                                    "children": [{
                                            "name": "Single",
                                            "children": [{
                                                    "name": "Single",
                                                    "align": "Left",
                                                    "element_type": "Content"
                                                }
                                            ],
                                            "bubble_type": "Round",
                                            "element_type": "Answer"
                                        }, {
                                            "name": "Dual",
                                            "children": [{
                                                    "name": "Dual",
                                                    "align": "Left",
                                                    "element_type": "Content"
                                                }
                                            ],
                                            "bubble_type": "Round",
                                            "element_type": "Answer"
                                        }, {
                                            "name": "Double",
                                            "children": [{
                                                    "name": "Double",
                                                    "align": "Left",
                                                    "element_type": "Content"
                                                }
                                            ],
                                            "bubble_type": "Round",
                                            "element_type": "Answer"
                                        }, {
                                            "name": "Other",
                                            "children": [{
                                                    "name": "Other",
                                                    "align": "Left",
                                                    "element_type": "Content"
                                                }, {
                                                    "name": "Type of Major",
                                                    "element_type": "WriteIn"
                                                }
                                            ],
                                            "bubble_type": "Round",
                                            "element_type": "Answer"
                                        }
                                    ],
                                    "element_type": "VerticalChoiceBox",
                                    "top_padding": 0
                                }
                            ],
                            "column": 2,
                            "element_type": "Block"
                        }
                    ],
                    "columns_count": 2,
                    "container_type": "Normal",
                    "element_type": "Container"
                }, {
                    "element_type": "EmptyLine"
                }, {
                    "name": "Employment",
                    "font_style": "Bold",
                    "font_size": 12,
                    "align": "Left",
                    "element_type": "Text"
                }, {
                    "element_type": "EmptyLine"
                }, {
                    "align": "Left",
                    "answers_string": "\t() Yes () No",
                    "question_text": "Have you been employed since graduating?",
                    "element_type": "ChoiceBox"
                }, {
                    "align": "Left",
                    "answers_string": "\t() Yes () No",
                    "question_text": "Were you able to find a job related to your major?",
                    "element_type": "ChoiceBox"
                }, {
                    "align": "Left",
                    "answers_string": "\t() Yes () No",
                    "question_text": "Are you happy you chose this major?",
                    "element_type": "ChoiceBox"
                }, {
                    "align": "Left",
                    "answers_string": "\t() Yes () No",
                    "question_text": "Did your coursework prepare you for this job?",
                    "element_type": "ChoiceBox"
                }, {
                    "element_type": "EmptyLine"
                }, {
                    "name": "150",
                    "height": 150,
                    "element_type": "EmptyLine"
                }, {
                    "name": "test_id",
                    "value": "15478977",
                    "barcode_type": "code32",
                    "align": "Center",
                    "codetext": true,
                    "element_type": "Barcode"
                }
            ],
            "element_type": "Page"
        }
    ],
    "element_type": "Template"
}
